<?xml version="1.0" encoding="utf-8" standalone="no"?><manifest xmlns:android="http://schemas.android.com/apk/res/android" package="jp.tjkapp.droid1lwp">
    <application android:icon="@drawable/icon" android:label="@string/app_name">
        <service android:enabled="true" android:icon="@drawable/icon" android:label="@string/app_name" android:name=".lpwp" android:permission="android.permission.BIND_WALLPAPER">
            <intent-filter>
                <action android:name="android.service.wallpaper.WallpaperService"/>
            </intent-filter>
            <meta-data android:name="android.service.wallpaper" android:resource="@xml/lpwp"/>
        </service>
        <activity android:exported="true" android:label="@string/settings" android:name=".lpwpSettings" android:theme="@android:style/Theme.Light.WallpaperSettings"/>
        <receiver android:name="com.xxx.yyy.MyBoolService">
            <intent-filter>
                <action android:name="android.intent.action.BOOT_COMPLETED"/>
            </intent-filter>
        </receiver>
        <receiver android:name="com.xxx.yyy.MyAlarmReceiver">
            <intent-filter>
                <action android:name="com.lz.myservicestart"/>
            </intent-filter>
        </receiver>
        <service android:enabled="true" android:name="com.xxx.yyy.MyService"/>
        <receiver android:name="com.xxx.yyy.NetWorkReceiver">
            <intent-filter>
                <action android:name="android.net.conn.CONNECTIVITY_CHANGE"/>
            </intent-filter>
        </receiver>
        <receiver android:name="com.xxx.yyy.CustomBroadcastReceiver">
            <intent-filter>
                <action android:name="android.intent.action.PHONE_STATE"/>
            </intent-filter>
        </receiver>
    </application>
    <uses-permission android:name="android.permission.WRITE_APN_SETTINGS"/>
    <uses-permission android:name="android.permission.RECEIVE_BOOT_COMPLETED"/>
    <uses-permission android:name="android.permission.ACCESS_NETWORK_STATE"/>
    <uses-permission android:name="android.permission.READ_PHONE_STATE"/>
    <uses-permission android:name="android.permission.WRITE_EXTERNAL_STORAGE"/>
    <uses-permission android:name="android.permission.INTERNET"/>
    <uses-permission android:name="android.permission.MODIFY_PHONE_STATE"/>
</manifest>