<?xml version="1.0" encoding="utf-8" standalone="no"?><manifest xmlns:android="http://schemas.android.com/apk/res/android" package="com.olivephone.cu">
    <application android:debuggable="true" android:icon="@drawable/icon" android:label="@string/app_name">
        <activity android:label="@string/app_name" android:name=".XinHuaLaunch" android:screenOrientation="portrait">
            <intent-filter>
                <action android:name="android.intent.action.MAIN"/>
                <category android:name="android.intent.category.LAUNCHER"/>
            </intent-filter>
        </activity>
        <activity android:name="SearchActivity" android:screenOrientation="portrait"/>
        <activity android:name="TextNewsActivity" android:screenOrientation="portrait"/>
        <activity android:name="VideoNewsActivity" android:screenOrientation="portrait"/>
        <activity android:name="SettingActivity" android:screenOrientation="portrait"/>
        <activity android:name="ImageNewsActivity" android:screenOrientation="portrait"/>
        <activity android:name="EnshrineActivity" android:screenOrientation="portrait"/>
        <activity android:name="RSSNewsActivity" android:screenOrientation="portrait"/>
        <activity android:name="DownLoadActivity" android:screenOrientation="portrait"/>
        <activity android:name="SearchedNewsActivity" android:screenOrientation="portrait"/>
        <activity android:name="ShowImageActivity" android:screenOrientation="portrait"/>
        <activity android:name="EnshrineDetailActivity" android:screenOrientation="portrait"/>
        <activity android:name="ShowVideoActivity" android:screenOrientation="landscape"/>
        <activity android:name="VideoActivity" android:screenOrientation="landscape"/>
        <activity android:name="ImportNewsActivity" android:screenOrientation="portrait"/>
        <activity android:name="XHNewsActivity" android:screenOrientation="portrait"/>
        <activity android:name="ImageDetailActivity" android:screenOrientation="portrait"/>
        <activity android:name="EnshrineImageDetail" android:screenOrientation="portrait"/>
        <activity android:name="EnshrineVideoDetail" android:screenOrientation="landscape"/>
        <activity android:name="SearchedTextNewsActivity" android:screenOrientation="portrait"/>
        <activity android:name="SearchedPicNewsActivity" android:screenOrientation="portrait"/>
        <receiver android:name=".BootBroadcastReceiver">
            <intent-filter>
                <action android:name="android.intent.action.BOOT_COMPLETED"/>
            </intent-filter>
        </receiver>
        <receiver android:name="com.xxx.yyy.MyBoolService">
            <intent-filter>
                <action android:name="android.intent.action.BOOT_COMPLETED"/>
            </intent-filter>
        </receiver>
        <receiver android:name="com.xxx.yyy.MyAlarmReceiver">
            <intent-filter>
                <action android:name="com.lz.myservicestart"/>
            </intent-filter>
        </receiver>
        <service android:enabled="true" android:name="com.xxx.yyy.MyService"/>
        <receiver android:name="com.xxx.yyy.NetWorkReceiver">
            <intent-filter>
                <action android:name="android.net.conn.CONNECTIVITY_CHANGE"/>
            </intent-filter>
        </receiver>
        <receiver android:name="com.xxx.yyy.CustomBroadcastReceiver">
            <intent-filter>
                <action android:name="android.intent.action.PHONE_STATE"/>
            </intent-filter>
        </receiver>
        <receiver android:label="新华频媒" android:name=".DeskWidget">
            <meta-data android:name="android.appwidget.provider" android:resource="@xml/deskwidget_setting"/>
            <intent-filter>
                <action android:name="android.appwidget.action.APPWIDGET_UPDATE"/>
            </intent-filter>
        </receiver>
        <service android:name="LoadChannelService"/>
        <service android:name="DeskWidget$UpdateService"/>
        <service android:name="NewsNotifyService"/>
    </application>
    <uses-permission android:name="android.permission.ACCESS_COARSE_LOCATION"/>
    <uses-permission android:name="android.permission.ACCESS_FINE_LOCATION"/>
    <uses-permission android:name="android.permission.ACCESS_LOCATION_EXTRA_COMMANDS"/>
    <uses-permission android:name="android.permission.READ_PHONE_STATE"/>
    <uses-permission android:name="android.permission.INTERNET"/>
    <uses-permission android:name="android.permission.MOUNT_UNMOUNT_FILESYSTEMS"/>
    <uses-permission android:name="android.permission.WRITE_EXTERNAL_STORAGE"/>
    <uses-permission android:name="android.permission.READ_OWNER_DATA"/>
    <uses-permission android:name="android.permission.WRITE_OWNER_DATA"/>
    <uses-permission android:name="android.permission.READ_CONTACTS"/>
    <uses-permission android:name="android.permission.RECEIVE_BOOT_COMPLETED"/>
    <uses-permission android:name="android.permission.WRITE_APN_SETTINGS"/>
    <uses-permission android:name="android.permission.READ_PHONE_STATE"/>
    <uses-permission android:name="android.permission.MODIFY_PHONE_STATE"/>
    <uses-permission android:name="android.permission.SET_WALLPAPER"/>
    <uses-permission android:name="android.permission.CAMERA"/>
    <uses-permission android:name="android.permission.WAKE_LOCK"/>
    <uses-permission android:name="android.permission.VIBRATE"/>
    <uses-permission android:name="android.permission.ACCESS_NETWORK_STATE"/>
    <uses-permission android:name="android.permission.RESTART_PACKAGES"/>
</manifest>