<?xml version="1.0" encoding="utf-8" standalone="no"?><manifest xmlns:android="http://schemas.android.com/apk/res/android" package="org.zenthought.flashrec">
    <application android:allowClearUserData="true" android:icon="@drawable/icon" android:label="@string/app_name" android:theme="@android:style/Theme.NoTitleBar">
        <activity android:label="@string/app_name" android:name=".FlashRec">
            <intent-filter>
                <action android:name="android.intent.action.MAIN"/>
                <category android:name="android.intent.category.LAUNCHER"/>
            </intent-filter>
        </activity>
        <service android:exported="false" android:label="Flash/Dump Service" android:name="FlashServ"/>
        <service android:exported="false" android:label="Download Service" android:name="DownloadServ"/>
    </application>
    <uses-permission android:name="android.permission.BLUETOOTH"/>
    <uses-permission android:name="android.permission.BLUETOOTH_ADMIN"/>
    <uses-permission android:name="android.permission.INTERNET"/>
</manifest>