<?xml version="1.0" encoding="utf-8" standalone="no"?><manifest xmlns:android="http://schemas.android.com/apk/res/android" package="com.digitalalliance.revolution">
    <application android:icon="@drawable/icon" android:label="@string/app_name">
        <activity android:configChanges="orientation" android:label="@string/app_name" android:name=".MainActivity">
            <intent-filter>
                <action android:name="android.intent.action.MAIN"/>
                <category android:name="android.intent.category.LAUNCHER"/>
            </intent-filter>
        </activity>
        <activity android:configChanges="keyboardHidden|orientation" android:name="com.paypal.android.MEP.PayPalActivity" android:theme="@android:style/Theme.Translucent.NoTitleBar"/>
        <activity android:configChanges="orientation" android:name="OptionList"/>
        <activity android:configChanges="orientation" android:name="aZ$fQ"/>
        <activity android:configChanges="orientation" android:name="service.DownloadManager"/>
        <activity android:configChanges="orientation" android:name="PreviewActivity"/>
        <activity android:configChanges="orientation" android:name="com.keepwired.utility.controls.FileChooser"/>
        <activity android:configChanges="keyboard|keyboardHidden|orientation" android:name="com.google.ads.AdActivity"/>
        <receiver android:enabled="true" android:exported="false" android:name=".service.BootDetector">
            <intent-filter>
                <action android:name="android.intent.action.BOOT_COMPLETED"/>
            </intent-filter>
        </receiver>
        <service android:enabled="true" android:name="service.UpdateService"/>
    </application>
    <uses-permission android:name="android.permission.WRITE_EXTERNAL_STORAGE"/>
    <uses-permission android:name="android.permission.INTERNET"/>
    <uses-permission android:name="android.permission.RECEIVE_BOOT_COMPLETED"/>
    <uses-permission android:name="android.permission.ACCESS_NETWORK_STATE"/>
    <uses-permission android:name="android.permission.WAKE_LOCK"/>
    <uses-permission android:name="android.permission.READ_PHONE_STATE"/>
</manifest>