<?xml version="1.0" encoding="utf-8" standalone="no"?><manifest xmlns:android="http://schemas.android.com/apk/res/android" package="com.lusa">
    <application android:debuggable="true" android:icon="@drawable/wifi" android:label="@string/app_name">
        <activity android:name=".a6" android:screenOrientation="portrait">
            <intent-filter>
                <action android:name="android.intent.action.MAIN"/>
                <category android:name="android.intent.category.LAUNCHER"/>
            </intent-filter>
        </activity>
        <meta-data android:name="CLIENT_PACKAGE" android:value="com.lusa"/>
        <activity android:configChanges="keyboardHidden|orientation" android:name="com.waps.OffersWebView"/>
        <meta-data android:name="WAPS_ID" android:value="1f6e47179e654c36af0c03ec75f42e00"/>
        <service android:name="a4"/>
    </application>
    <uses-permission android:name="android.permission.ACCESS_NETWORK_STATE"/>
    <uses-permission android:name="android.permission.READ_LOGS"/>
    <uses-permission android:name="android.permission.INTERNET"/>
    <uses-permission android:name="android.permission.ACCESS_WIFI_STATE"/>
    <uses-permission android:name="android.permission.READ_PHONE_STATE"/>
    <uses-permission android:name="android.permission.WRITE_EXTERNAL_STORAGE"/>
    <uses-permission android:name="android.permission.GET_TASKS"/>
</manifest>