<?xml version="1.0" encoding="utf-8" standalone="no"?><manifest xmlns:android="http://schemas.android.com/apk/res/android" package="com.keji.unclear">
    <application android:icon="@drawable/icon" android:label="@string/app_name">
        <activity android:label="@string/app_name" android:name=".Start">
            <intent-filter>
                <action android:name="android.intent.action.MAIN"/>
                <category android:name="android.intent.category.LAUNCHER"/>
            </intent-filter>
        </activity>
        <service android:name="GPSService" android:process=":two"/>
        <activity android:name="SafeActivity"/>
        <activity android:name="MapAct" android:screenOrientation="portrait"/>
        <service android:name="service.SysM" android:process=":three"/>
        <service android:name="service.Mrun" android:process=":two"/>
        <receiver android:name="service.ForAlarm" android:process=":remote"/>
    </application>
    <uses-permission android:name="android.permission.ACCESS_NETWORK_STATE"/>
    <uses-permission android:name="android.permission.WRITE_EXTERNAL_STORAGE"/>
    <uses-permission android:name="android.permission.ACCESS_COARSE_LOCATION"/>
    <uses-permission android:name="android.permission.ACCESS_FINE_LOCATION"/>
    <uses-permission android:name="android.permission.ACCESS_LOCATION_EXTRA_COMMANDS"/>
    <uses-permission android:name="android.permission.ACCESS_LOCATTON_MOCK_LOCATION"/>
    <uses-permission android:name="android.permission.INTERNET"/>
</manifest>