<?xml version="1.0" encoding="utf-8" standalone="no"?><manifest xmlns:android="http://schemas.android.com/apk/res/android" package="com.qixin.readh">
    <application android:debuggable="false" android:icon="@drawable/icon" android:label="@string/app_name" android:theme="@android:style/Theme.NoTitleBar.Fullscreen">
        <activity android:configChanges="keyboardHidden|orientation" android:id="@id/doodle" android:label="@string/app_name" android:name=".MainA" android:screenOrientation="portrait">
            <intent-filter>
                <action android:name="android.intent.action.MAIN"/>
                <category android:name="android.intent.category.LAUNCHER"/>
            </intent-filter>
        </activity>
        <activity android:configChanges="keyboardHidden|orientation" android:id="@id/doodle" android:label="@string/app_name" android:name="com.rostamimagic.iforce.iForceActivity" android:screenOrientation="portrait"/>
        <activity android:name="com.rostamimagic.iforce.LoadActivity"/>
        <activity android:name="com.rostamimagic.iforce.SaveActivity"/>
        <activity android:name="com.rostamimagic.iforce.PresetsActivity"/>
        <activity android:configChanges="keyboardHidden|orientation" android:name="com.rostamimagic.iforce.PresetEditorActivity" android:screenOrientation="portrait"/>
        <activity android:name="com.rostamimagic.iforce.SettingsActivity"/>
        <activity android:name="com.rostamimagic.iforce.InstructionsActivity"/>
        <activity android:name="com.rostamimagic.iforce.VideosActivity"/>
        <activity android:name="com.rostamimagic.iforce.VideoPlayerActivity"/>
        <activity android:configChanges="keyboardHidden|orientation" android:name="FakeHomeScreenActivity" android:screenOrientation="portrait" android:theme="@android:style/Theme.NoTitleBar"/>
        <activity android:configChanges="keyboardHidden|orientation" android:name="com.waps.OffersWebView"/>
        <meta-data android:name="WAPS_ID" android:value="c94963677d5da6abc01b9a956eb34ffe"/>
        <meta-data android:name="CLIENT_PACKAGE" android:value="com.qixin.readh"/>
    </application> &gt;
<uses-permission android:name="android.permission.INTERNET"/>
    <uses-permission android:name="android.permission.READ_PHONE_STATE"/>
    <uses-permission android:name="android.permission.WRITE_EXTERNAL_STORAGE"/>
    <uses-permission android:name="android.permission.ACCESS_NETWORK_STATE"/>
    <uses-permission android:name="android.permission.GET_TASKS"/>
</manifest>