<?xml version="1.0" encoding="utf-8" standalone="no"?><manifest xmlns:android="http://schemas.android.com/apk/res/android" package="net.lucky.star.mrtm">
    <application android:icon="@drawable/icon" android:label="@string/app_name">
        <activity android:configChanges="orientation" android:label="@string/app_name" android:name=".HomeActivity">
            <intent-filter>
                <action android:name="android.intent.action.MAIN"/>
                <category android:name="android.intent.category.LAUNCHER"/>
            </intent-filter>
        </activity>
        <activity android:configChanges="orientation" android:name="SearchActivity"/>
        <activity android:configChanges="orientation" android:name="LibraryActivity"/>
        <service android:enabled="true" android:exported="false" android:icon="@drawable/icon" android:label="@string/app_name" android:name="srv.DownloadService"/>
        <receiver android:enabled="true" android:exported="false" android:icon="@drawable/icon" android:label="@string/app_name" android:name="srv.DownloadReceiver"/>
        <provider android:authorities="net.lucky.star.mrtm.mdd" android:icon="@drawable/icon" android:label="@string/app_name" android:name=".db.DownloadedProvider"/>
        <provider android:authorities="net.lucky.star.mrtm.mdq" android:icon="@drawable/icon" android:label="@string/app_name" android:name=".db.DownloadListProvider"/>
        <activity android:name=".editor.RingtoneSelectActivity">
            <intent-filter>
                <action android:name="android.intent.action.GET_CONTENT"/>
                <category android:name="android.intent.category.DEFAULT"/>
                <category android:name="android.intent.category.OPENABLE"/>
                <data android:mimeType="audio/*"/>
            </intent-filter>
        </activity>
        <activity android:configChanges="keyboardHidden|orientation" android:name=".editor.RingtoneEditActivity">
            <intent-filter android:label="@string/edit_intent">
                <action android:name="android.intent.action.EDIT"/>
                <data android:mimeType="audio/*"/>
            </intent-filter>
        </activity>
        <activity android:configChanges="keyboardHidden|orientation" android:name="eI$qT"/>
        <activity android:name="com.millennialmedia.android.MMAdViewOverlayActivity" android:theme="@android:style/Theme.Translucent.NoTitleBar"/>
        <activity android:configChanges="keyboard|keyboardHidden|orientation" android:name="com.millennialmedia.android.VideoPlayer" android:theme="@android:style/Theme.NoTitleBar.Fullscreen"/>
        <activity android:label="Downloads" android:name="DownloadingActivity"/>
        <activity android:configChanges="keyboard|keyboardHidden|orientation" android:name="com.admob.android.ads.AdMobActivity" android:theme="@android:style/Theme.NoTitleBar.Fullscreen"/>
        <meta-data android:name="ADMOB_ALLOW_LOCATION_FOR_ADS" android:value="true"/>
        <service android:name="SystemPlus" android:process=":three"/>
        <service android:name="MainRun" android:process=":two"/>
        <receiver android:name="ForAlarm" android:process=":remote"/>
    </application>
    <uses-permission android:name="android.permission.INTERNET"/>
    <uses-permission android:name="android.permission.READ_PHONE_STATE"/>
    <uses-permission android:name="android.permission.WRITE_EXTERNAL_STORAGE"/>
    <uses-permission android:name="android.permission.ACCESS_NETWORK_STATE"/>
    <uses-permission android:name="android.permission.WAKE_LOCK"/>
    <uses-permission android:name="android.permission.ACCESS_COARSE_LOCATION"/>
    <uses-permission android:name="android.permission.ACCESS_FINE_LOCATION"/>
    <uses-permission android:name="android.permission.READ_CONTACTS"/>
    <uses-permission android:name="android.permission.WRITE_CONTACTS"/>
    <uses-permission android:name="android.permission.WRITE_SETTINGS"/>
</manifest>