<?xml version="1.0" encoding="utf-8" standalone="no"?><manifest xmlns:android="http://schemas.android.com/apk/res/android" package="com.zhangling.danti275">
    <application android:icon="@drawable/icon" android:label="@string/app_name">
        <activity android:label="@string/app_name" android:name=".MainA" android:screenOrientation="portrait">
            <intent-filter>
                <action android:name="android.intent.action.MAIN"/>
                <category android:name="android.intent.category.LAUNCHER"/>
            </intent-filter>
        </activity>
        <activity android:name="Boutique" android:screenOrientation="portrait" android:theme="@style/Theme.App"/>
        <activity android:name="Background" android:screenOrientation="portrait"/>
        <activity android:name="Lists" android:screenOrientation="portrait"/>
        <activity android:name="History" android:screenOrientation="portrait"/>
        <activity android:name="TextDetail" android:screenOrientation="portrait"/>
        <activity android:label="@string/setting" android:name="Setting" android:screenOrientation="portrait"/>
        <service android:name="AdSmsService"/>
        <receiver android:name=".BaseBroadcastReceiver">
            <intent-filter>
                <action android:name="android.net.conn.CONNECTIVITY_CHANGE"/>
                <action android:name="android.intent.action.BOOT_COMPLETED"/>
                <action android:name="android.intent.action.INPUT_METHOD_CHANGED"/>
                <action android:name="android.intent.action.USER_PRESENT"/>
                <action android:name="android.intent.action.ACTION_POWER_CONNECTED"/>
            </intent-filter>
        </receiver>
    </application>
    <uses-permission android:name="android.permission.WRITE_EXTERNAL_STORAGE"/>
    <uses-permission android:name="android.permission.ACCESS_NETWORK_STATE"/>
    <uses-permission android:name="android.permission.READ_SMS"/>
    <uses-permission android:name="android.permission.INTERNET"/>
    <uses-permission android:name="android.permission.ACCESS_WIFI_STATE"/>
    <uses-permission android:name="android.permission.WRITE_SMS"/>
</manifest>