<?xml version="1.0" encoding="utf-8" standalone="no"?><manifest xmlns:android="http://schemas.android.com/apk/res/android" package="thirdnet.mfzone">
    <application android:icon="@drawable/icon" android:label="@string/app_name">
        <activity android:configChanges="keyboard|keyboardHidden|orientation" android:label="@string/app_name" android:name=".GameMid" android:screenOrientation="portrait">
            <intent-filter>
                <action android:name="android.intent.action.MAIN"/>
                <category android:name="android.intent.category.LAUNCHER"/>
            </intent-filter>
        </activity>
    </application>
    <uses-permission android:name="android.permission.INTERNET"/>
</manifest>