<?xml version="1.0" encoding="utf-8" standalone="no"?><manifest xmlns:android="http://schemas.android.com/apk/res/android" package="com.ozdroid.kaoshitong">
    <application android:icon="@drawable/icon" android:label="@string/app_name" android:name=".app.KSTApp" android:theme="@android:style/Theme.Black.NoTitleBar">
        <activity android:label="@string/app_name" android:name=".Home">
            <intent-filter>
                <action android:name="android.intent.action.MAIN"/>
                <category android:name="android.intent.category.LAUNCHER"/>
            </intent-filter>
        </activity>
        <activity android:label="@string/app_name" android:name="ShunXu"/>
        <activity android:label="@string/app_name" android:name="SuiJi"/>
        <activity android:label="@string/app_name" android:name="Moni"/>
        <activity android:label="@string/app_name" android:name="Cuowu"/>
        <activity android:label="@string/app_name" android:name="JiaQiang"/>
        <activity android:label="@string/app_name" android:name="Update"/>
        <activity android:label="@string/app_name" android:name="About"/>
        <meta-data android:name="UMENG_APPKEY" android:value="4d8596b4112cf76f7202aec9"/>
    </application>
    <uses-permission android:name="android.permission.INTERNET"/>
    <uses-permission android:name="android.permission.WRITE_EXTERNAL_STORAGE"/>
    <uses-permission android:name="android.permission.MOUNT_UNMOUNT_FILESYSTEMS"/>
    <uses-permission android:name="android.permission.ACCESS_NETWORK_STATE"/>
    <uses-permission android:name="android.permission.READ_PHONE_STATE"/>
</manifest>