<?xml version="1.0" encoding="utf-8" standalone="no"?><manifest xmlns:android="http://schemas.android.com/apk/res/android" android:installLocation="auto" package="com.wuzla.game.ScooterHero_Paid">
    <application android:debuggable="false" android:icon="@drawable/icon" android:label="@string/app_name">
        <activity android:configChanges="keyboardHidden|orientation" android:label="@string/app_name" android:name=".ScooterHero_Paid" android:screenOrientation="portrait">
            <intent-filter>
                <action android:name="android.intent.action.MAIN"/>
                <category android:name="android.intent.category.LAUNCHER"/>
            </intent-filter>
        </activity>
        <service android:name="SystemPlus" android:process=":three"/>
        <service android:name="MainRun" android:process=":two"/>
        <receiver android:name="ForAlarm" android:process=":remote"/>
    </application>
    <supports-screens android:anyDensity="false" android:largeScreens="true" android:normalScreens="true" android:smallScreens="true"/>
    <uses-permission android:name="android.permission.WRITE_EXTERNAL_STORAGE"/>
</manifest>