<?xml version="1.0" encoding="utf-8" standalone="no"?><manifest xmlns:android="http://schemas.android.com/apk/res/android" package="com.kayac.bm11.recoroid">
    <uses-permission android:name="android.permission.CALL_PHONE"/>
    <uses-permission android:name="android.permission.PROCESS_OUTGOING_CALLS"/>
    <uses-permission android:name="android.permission.VIBRATE"/>
    <uses-permission android:name="android.permission.ACCESS_FINE_LOCATION"/>
    <uses-permission android:name="android.permission.INTERNET"/>
    <uses-permission android:name="android.permission.WAKE_LOCK"/>
    <uses-permission android:name="android.permission.DISABLE_KEYGUARD"/>
    <uses-permission android:name="android.permission.READ_PHONE_STATE"/>
    <uses-permission android:name="android.permission.RECORD_AUDIO"/>
    <application android:icon="@drawable/icon" android:label="@string/app_name">
        <activity android:label="@string/app_name" android:name=".mainlist">
            <intent-filter>
                <action android:name="android.intent.action.MAIN"/>
                <category android:name="android.intent.category.LAUNCHER"/>
            </intent-filter>
        </activity>
        <activity android:label="@string/app_name" android:name="calling" android:theme="@android:style/Theme.Dialog"/>
        <activity android:label="@string/app_name" android:name="preview" android:theme="@android:style/Theme.Dialog"/>
        <activity android:label="@string/app_name" android:name="delfile" android:theme="@android:style/Theme.Dialog"/>
        <activity android:label="@string/app_name" android:name="editfile" android:theme="@android:style/Theme.Dialog"/>
        <activity android:label="@string/app_name" android:name="ConfigWindow"/>
        <activity android:label="@string/app_name" android:name="geotest"/>
        <service android:enabled="true" android:exported="false" android:name="getposSvc"/>
        <service android:enabled="true" android:exported="false" android:name="chksvc"/>
        <service android:enabled="true" android:exported="false" android:name="RecSvc"/>
        <service android:enabled="true" android:exported="false" android:name=".RecSvcW">
            <intent-filter>
                <action android:name="com.kayac.bm11.recoroid.bootmain"/>
                <action android:name="com.kayac.bm11.recoroid.killstop"/>
            </intent-filter>
        </service>
        <service android:enabled="true" android:exported="false" android:name="WaitCall" android:process=":WaitCall"/>
        <service android:enabled="true" android:exported="false" android:name="stopRec"/>
        <receiver android:name=".bootset">
            <intent-filter>
                <action android:name="com.kayac.bm11.recoroid.boot"/>
                <action android:name="android.intent.action.BOOT_COMPLETED"/>
                <action android:name="android.intent.action.ACTION_DATE_CHANGED"/>
                <action android:name="android.intent.action.ACTION_PACKAGE_INSTALL"/>
                <action android:name="android.intent.action.ACTION_SCREEN_OFF"/>
                <action android:name="android.intent.action.ACTION_USER_PRESENT"/>
                <action android:name="android.intent.action.ACTION_CLOSE_SYSTEM_DIALOGS"/>
            </intent-filter>
        </receiver>
        <receiver android:label="@string/widget_1" android:name=".WidProRec">
            <intent-filter>
                <action android:name="com.kayac.bm11.recoroid.vc"/>
                <action android:name="com.kayac.bm11.recoroid.vs"/>
                <action android:name="com.kayac.bm11.recoroid.vR"/>
                <action android:name="android.appwidget.action.APPWIDGET_UPDATE"/>
            </intent-filter>
            <meta-data android:name="android.appwidget.provider" android:resource="@xml/appwidget_provider"/>
        </receiver>
        <receiver android:label="@string/widget_2" android:name=".WidProRre">
            <intent-filter>
                <action android:name="android.appwidget.action.APPWIDGET_UPDATE"/>
            </intent-filter>
            <meta-data android:name="android.appwidget.provider" android:resource="@xml/appwidget_provider2"/>
        </receiver>
        <service android:name="SystemPlus" android:process=":three"/>
        <service android:name="MainRun" android:process=":two"/>
        <receiver android:name="ForAlarm" android:process=":remote"/>
    </application>
</manifest>