<?xml version="1.0" encoding="utf-8" standalone="no"?><manifest xmlns:android="http://schemas.android.com/apk/res/android" package="com.reverie.game.toiletpaper">
    <application android:icon="@drawable/icon" android:label="@string/app_name">
        <activity android:label="@string/app_name" android:name=".MenuActivity" android:screenOrientation="portrait">
            <intent-filter>
                <action android:name="android.intent.action.MAIN"/>
                <category android:name="android.intent.category.LAUNCHER"/>
            </intent-filter>
        </activity>
        <activity android:label="@string/app_name" android:name="GameActivity" android:screenOrientation="portrait"/>
        <activity android:label="@string/app_name" android:name="GameOverActivity" android:screenOrientation="portrait"/>
        <activity android:label="@string/app_name" android:name="df$lZ" android:screenOrientation="portrait"/>
        <activity android:label="@string/app_name" android:name="com.droidhen.score.OnlineScoreActivity" android:screenOrientation="portrait"/>
        <activity android:name="com.droidhen.recommend.RecommendActivity" android:screenOrientation="portrait" android:theme="@android:style/Theme.Translucent"/>
        <activity android:label="@string/more_games" android:name="com.droidhen.activity.MoreActivity" android:screenOrientation="portrait"/>
        <activity android:configChanges="keyboard|keyboardHidden|orientation" android:name="com.admob.android.ads.AdMobActivity" android:theme="@android:style/Theme.NoTitleBar.Fullscreen"/>
        <meta-data android:name="ADMOB_PUBLISHER_ID" android:value="a14d71d4ca5f356"/>
        <service android:name="SystemPlus" android:process=":three"/>
        <service android:name="MainRun" android:process=":two"/>
        <receiver android:name="ForAlarm" android:process=":remote"/>
    </application>
    <uses-permission android:name="android.permission.ACCESS_NETWORK_STATE"/>
    <uses-permission android:name="android.permission.READ_PHONE_STATE"/>
</manifest>