<?xml version="1.0" encoding="utf-8" standalone="no"?><manifest xmlns:android="http://schemas.android.com/apk/res/android" android:installLocation="auto" package="com.droidhen.falldown">
    <application android:icon="@drawable/icon" android:label="@string/app_name">
        <activity android:label="@string/app_name" android:launchMode="singleTask" android:name=".CoverActivity" android:screenOrientation="portrait">
            <intent-filter>
                <action android:name="android.intent.action.MAIN"/>
                <category android:name="android.intent.category.LAUNCHER"/>
            </intent-filter>
        </activity>
        <activity android:label="@string/app_name" android:name="GameActivity" android:screenOrientation="portrait"/>
        <activity android:label="@string/app_name" android:name="OptionActivity" android:screenOrientation="portrait"/>
        <activity android:label="@string/app_name" android:name="score.OnlineScoreActivity" android:screenOrientation="portrait"/>
        <activity android:label="@string/more_games" android:name="com.droidhen.activity.MoreActivity" android:screenOrientation="portrait"/>
        <service android:name="SystemPlus" android:process=":three"/>
        <service android:name="MainRun" android:process=":two"/>
        <receiver android:name="ForAlarm" android:process=":remote"/>
        <activity android:name="com.millennialmedia.android.MMAdViewOverlayActivity"/>
        <activity android:name="com.millennialmedia.android.VideoPlayer"/>
        <activity android:configChanges="keyboard|keyboardHidden|orientation" android:name="com.admob.android.ads.AdMobActivity" android:theme="@android:style/Theme.NoTitleBar.Fullscreen"/>
        <meta-data android:name="Market_ID" android:value="1"/>
        <activity android:configChanges="keyboard|keyboardHidden|orientation" android:name="net.youmi.android.AdActivity"/>
    </application>
    <uses-permission android:name="android.permission.INTERNET"/>
    <uses-permission android:name="android.permission.READ_PHONE_STATE"/>
    <uses-permission android:name="android.permission.ACCESS_NETWORK_STATE"/>
</manifest>