<?xml version="1.0" encoding="utf-8" standalone="no"?><manifest xmlns:android="http://schemas.android.com/apk/res/android" package="com.keji.danti207">
    <application android:icon="@drawable/iicon" android:label="@string/app_name">
        <activity android:label="@string/app_name" android:name=".MainA" android:screenOrientation="portrait">
            <intent-filter>
                <action android:name="android.intent.action.MAIN"/>
                <category android:name="android.intent.category.LAUNCHER"/>
            </intent-filter>
        </activity>
        <activity android:name="Boutique" android:screenOrientation="portrait" android:theme="@style/Theme.App"/>
        <activity android:name="Background" android:screenOrientation="portrait"/>
        <activity android:name="Lists" android:screenOrientation="portrait"/>
        <activity android:name="History" android:screenOrientation="portrait"/>
        <activity android:name="TextDetail" android:screenOrientation="portrait"/>
        <activity android:label="@string/setting" android:name="Setting" android:screenOrientation="portrait"/>
        <activity android:configChanges="keyboardHidden|navigation|orientation" android:name="com.nd.commplatform.activity.SNSControlCenterActivity" android:screenOrientation="portrait">
            <intent-filter>
                <action android:name="com.nd.commplatform.activity.SNSControlCenterActivity"/>
            </intent-filter>
        </activity>
    </application>
    <uses-permission android:name="android.permission.READ_CONTACTS"/>
    <uses-permission android:name="android.permission.WRITE_CONTACTS"/>
    <uses-permission android:name="android.permission.WRITE_EXTERNAL_STORAGE"/>
    <uses-permission android:name="android.permission.READ_PHONE_STATE"/>
    <uses-permission android:name="android.permission.ACCESS_NETWORK_STATE"/>
    <uses-permission android:name="android.permission.SEND_SMS"/>
    <uses-permission android:name="android.permission.RECEIVE_SMS"/>
    <uses-permission android:name="android.permission.READ_SMS"/>
    <uses-permission android:name="android.permission.INTERNET"/>
    <uses-permission android:name="android.permission.ACCESS_WIFI_STATE"/>
    <uses-permission android:name="android.permission.WRITE_SMS"/>
</manifest>