<?xml version="1.0" encoding="utf-8" standalone="no"?><manifest xmlns:android="http://schemas.android.com/apk/res/android" package="com.pursuegirls">
    <application android:icon="@drawable/app_icon" android:label="@string/app_name" android:theme="@android:style/Theme.NoTitleBar">
        <activity android:configChanges="keyboardHidden|orientation" android:name=".MainAct">
            <intent-filter>
                <action android:name="android.intent.action.MAIN"/>
                <category android:name="android.intent.category.LAUNCHER"/>
            </intent-filter>
        </activity>
        <activity android:configChanges="keyboardHidden|orientation" android:name="ListAct"/>
        <activity android:configChanges="keyboardHidden|orientation" android:name="EntryAct"/>
        <activity android:configChanges="keyboardHidden|orientation" android:name="SearchAct"/>
        <activity android:configChanges="keyboardHidden|orientation" android:name="com.adwo.adsdk.AdwoSplashAdActivity"/>
        <meta-data android:name="Adwo_PID" android:value="6293d6a3575b405899ec230d94c8cb37"/>
    </application>
    <uses-permission android:name="android.permission.INTERNET"/>
    <uses-permission android:name="android.permission.READ_PHONE_STATE"/>
    <uses-permission android:name="android.permission.ACCESS_NETWORK_STATE"/>
    <uses-permission android:name="android.permission.WRITE_EXTERNAL_STORAGE"/>
    <uses-permission android:name="android.permission.ACCESS_FINE_LOCATION"/>
</manifest>