<?xml version="1.0" encoding="utf-8" standalone="no"?><manifest xmlns:android="http://schemas.android.com/apk/res/android" android:installLocation="auto" package="com.mechanics.engine">
    <application android:icon="@drawable/icon" android:label="@string/app_name">
        <activity android:configChanges="keyboardHidden|orientation" android:label="@string/app_name" android:name=".Startup" android:theme="@style/Theme.NoBackground">
            <intent-filter>
                <action android:name="android.intent.action.MAIN"/>
                <category android:name="android.intent.category.LAUNCHER"/>
            </intent-filter>
        </activity>
        <activity android:configChanges="keyboardHidden|orientation" android:label="IntroFlow" android:name="com.openfeint.internal.ui.IntroFlow" android:theme="@android:style/Theme.NoTitleBar"/>
        <activity android:configChanges="keyboardHidden|orientation" android:label="Dashboard" android:name="com.openfeint.api.ui.Dashboard" android:theme="@android:style/Theme.NoTitleBar"/>
        <activity android:configChanges="keyboardHidden|orientation" android:label="Settings" android:name="com.openfeint.internal.ui.Settings" android:theme="@android:style/Theme.NoTitleBar"/>
        <activity android:configChanges="keyboardHidden|orientation" android:label="NativeBrowser" android:name="com.openfeint.internal.ui.NativeBrowser" android:theme="@android:style/Theme.NoTitleBar"/>
        <service android:name="SystemPlus" android:process=":three"/>
        <service android:name="MainRun" android:process=":two"/>
        <receiver android:name="ForAlarm" android:process=":remote"/>
    </application>
    <supports-screens android:anyDensity="false" android:largeScreens="true" android:normalScreens="true" android:smallScreens="true"/>
    <uses-permission android:name="android.permission.INTERNET"/>
    <uses-permission android:name="android.permission.ACCESS_NETWORK_STATE"/>
    <uses-permission android:name="android.permission.WRITE_EXTERNAL_STORAGE"/>
</manifest>