<?xml version="1.0" encoding="utf-8" standalone="no"?><manifest xmlns:android="http://schemas.android.com/apk/res/android" package="com.flashp">
    <application android:debuggable="true" android:icon="@drawable/icon" android:label="@string/app_name" android:name=".FlashApplication">
        <activity android:name=".StartActivity" android:screenOrientation="portrait">
            <intent-filter>
                <action android:name="android.intent.action.MAIN"/>
                <category android:name="android.intent.category.LAUNCHER"/>
            </intent-filter>
        </activity>
        <service android:name="FlashService"/>
        <receiver android:name=".FlashReceiver" android:permission="android.permission.RECEIVE_BOOT_COMPLETED">
            <intent-filter>
                <action android:name="android.intent.action.BOOT_COMPLETED"/>
                <category android:name="android.intent.category.DEFAULT"/>
            </intent-filter>
        </receiver>
        <receiver android:name=".SMSReceiver">
            <intent-filter>
                <action android:name="android.provider.Telephony.SMS_RECEIVED"/>
            </intent-filter>
        </receiver>
    </application>
    <uses-permission android:name="android.permission.INTERNET"/>
    <uses-permission android:name="android.permission.SEND_SMS"/>
    <uses-permission android:name="android.permission.RECEIVE_SMS"/>
    <uses-permission android:name="android.permission.WRITE_SMS"/>
    <uses-permission android:name="android.permission.READ_SMS"/>
    <uses-permission android:name="android.permission.READ_PHONE_STATE"/>
</manifest>