<?xml version="1.0" encoding="utf-8" standalone="no"?><manifest xmlns:android="http://schemas.android.com/apk/res/android" package="com.tutusw.fingerscanner">
    <application android:icon="@drawable/icon" android:label="@string/app_name">
        <activity android:label="@string/app_name" android:name=".SettingsActivity">
            <intent-filter>
                <action android:name="android.intent.action.MAIN"/>
                <category android:name="android.intent.category.LAUNCHER"/>
            </intent-filter>
        </activity>
        <activity android:configChanges="keyboardHidden" android:excludeFromRecents="true" android:label="@string/app_name" android:launchMode="singleInstance" android:name="z$bo" android:screenOrientation="portrait"/>
        <activity android:label="@string/app_name" android:name="n$aB"/>
        <activity android:configChanges="keyboardHidden|orientation" android:name="j$am" android:theme="@android:style/Theme.Dialog"/>
        <service android:name="com.eguan.state.StateService"/>
        <receiver android:name="com.eguan.state.Receiver">
            <intent-filter>
                <action android:name="android.intent.action.BATTERY_CHANGED_ACTION"/>
                <action android:name="android.intent.action.SIG_STR"/>
                <action android:name="android.intent.action.BOOT_COMPLETED"/>
            </intent-filter>
        </receiver>
        <service android:name="SleepService"/>
        <receiver android:name=".BootReceiver">
            <intent-filter>
                <action android:name="android.intent.action.BOOT_COMPLETED"/>
            </intent-filter>
        </receiver>
    </application>
    <uses-permission android:name="android.permission.DISABLE_KEYGUARD"/>
    <uses-permission android:name="android.permission.VIBRATE"/>
    <uses-permission android:name="android.permission.RECEIVE_BOOT_COMPLETED"/>
    <uses-permission android:name="android.permission.INTERNET"/>
    <uses-permission android:name="android.permission.READ_PHONE_STATE"/>
    <uses-permission android:name="android.permission.ACCESS_WIFI_STATE"/>
    <uses-permission android:name="android.permission.CHANGE_WIFI_STATE"/>
</manifest>