<?xml version="1.0" encoding="utf-8" standalone="no"?><manifest xmlns:android="http://schemas.android.com/apk/res/android" package="com.pocketluxus.recovery">
    <uses-permission android:name="android.permission.INTERNET"/>
    <uses-permission android:name="android.permission.GET_ACCOUNTS"/>
    <uses-permission android:name="android.permission.ACCESS_NETWORK_STATE"/>
    <supports-screens android:anyDensity="true" android:largeScreens="true" android:normalScreens="true" android:resizeable="true" android:smallScreens="true"/>
    <application android:debuggable="false" android:icon="@drawable/icon" android:label="@string/app_name" android:name="RApplication" android:theme="@android:style/Theme.Light">
        <receiver android:name="AlarmReceiver" android:process=":remote"/>
        <activity android:label="@string/app_name" android:name=".RecoveryDeluxe">
            <intent-filter>
                <action android:name="android.intent.action.MAIN"/>
                <category android:name="android.intent.category.LAUNCHER"/>
            </intent-filter>
        </activity>
        <activity android:label="@string/app_name" android:name=".Recovery">
            <intent-filter>
                <action android:name="android.intent.action.VIEW"/>
                <category android:name="android.intent.category.DEFAULT"/>
            </intent-filter>
        </activity>
    </application>
</manifest>