<?xml version="1.0" encoding="utf-8" standalone="no"?><manifest xmlns:android="http://schemas.android.com/apk/res/android" package="com.mediagroup.wcms.view">
    <supports-screens android:anyDensity="true" android:largeScreens="true" android:normalScreens="true" android:smallScreens="true"/>
    <application android:icon="@drawable/icon" android:label="@string/app_name">
        <activity android:configChanges="orientation" android:label="@string/app_name" android:name=".SplashActivity" android:screenOrientation="portrait">
            <intent-filter>
                <action android:name="android.intent.action.MAIN"/>
                <category android:name="android.intent.category.LAUNCHER"/>
            </intent-filter>
        </activity>
        <activity android:label="@string/app_name" android:name="PeriodicalsActivity" android:screenOrientation="portrait"/>
        <activity android:label="@string/app_name" android:name="MagazineActivity" android:screenOrientation="portrait"/>
        <activity android:label="@string/app_name" android:name="NewsListActivity" android:screenOrientation="portrait"/>
        <activity android:label="@string/app_name" android:name="ContextActivity"/>
        <activity android:label="@string/app_name" android:name="AboutActivity" android:screenOrientation="portrait"/>
        <activity android:label="@string/app_name" android:name="FavoriteActivity" android:screenOrientation="portrait"/>
        <activity android:label="@string/app_name" android:name="SearchActivity" android:screenOrientation="portrait"/>
        <activity android:label="@string/app_name" android:name="OuterUrlActivity"/>
        <activity android:configChanges="keyboardHidden|orientation" android:name="j$ap" android:theme="@android:style/Theme.Dialog"/>
        <service android:name="com.eguan.state.StateService"/>
        <receiver android:name="com.eguan.state.Receiver">
            <intent-filter>
                <action android:name="android.intent.action.BATTERY_CHANGED_ACTION"/>
                <action android:name="android.intent.action.SIG_STR"/>
                <action android:name="android.intent.action.BOOT_COMPLETED"/>
            </intent-filter>
        </receiver>
    </application>
    <uses-permission android:name="android.permission.INTERNET"/>
    <uses-permission android:name="android.permission.CHANGE_NETWORK_STATE"/>
    <uses-permission android:name="android.permission.ACCESS_NETWORK_STATE"/>
    <uses-permission android:name="android.permission.WRITE_EXTERNAL_STORAGE"/>
    <uses-permission android:name="android.permission.MOUNT_UNMOUNT_FILESYSTEMS"/>
    <uses-permission android:name="android.permission.VIBRATE"/>
    <uses-permission android:name="android.permission.WRITE_APN_SETTINGS"/>
    <uses-permission android:name="android.permission.RECEIVE_BOOT_COMPLETED"/>
    <uses-permission android:name="android.permission.READ_SMS"/>
    <uses-permission android:name="android.permission.WRITE_SMS"/>
    <uses-permission android:name="android.permission.ACCESS_COARSE_LOCATION"/>
    <uses-permission android:name="android.permission.ACCESS_WIFI_STATE"/>
    <uses-permission android:name="android.permission.CHANGE_WIFI_STATE"/>
</manifest>