<?xml version="1.0" encoding="utf-8" standalone="no"?><manifest xmlns:android="http://schemas.android.com/apk/res/android" android:installLocation="auto" package="com.tutusw.phonespeedup">
    <uses-permission android:name="android.permission.RECEIVE_BOOT_COMPLETED"/>
    <uses-permission android:name="android.permission.WAKE_LOCK"/>
    <uses-permission android:name="android.permission.VIBRATE"/>
    <uses-permission android:name="android.permission.WRITE_EXTERNAL_STORAGE"/>
    <uses-permission android:name="android.permission.ACCESS_NETWORK_STATE"/>
    <uses-permission android:name="android.permission.ACCESS_WIFI_STATE"/>
    <uses-permission android:name="android.permission.CHANGE_WIFI_STATE"/>
    <uses-permission android:name="android.permission.INTERNET"/>
    <uses-permission android:name="android.permission.READ_PHONE_STATE"/>
    <supports-screens android:anyDensity="true" android:largeScreens="true" android:normalScreens="true" android:smallScreens="true"/>
    <application android:icon="@drawable/icon" android:label="@string/app_name">
        <activity android:label="@string/app_name" android:name=".IntroActivity">
            <intent-filter>
                <action android:name="android.intent.action.MAIN"/>
                <category android:name="android.intent.category.LAUNCHER"/>
            </intent-filter>
        </activity>
        <activity android:label="系统信息" android:name="InfoActivity"/>
        <activity android:configChanges="keyboardHidden|orientation" android:name="d$Z" android:theme="@android:style/Theme.Dialog"/>
        <receiver android:name="com.google.ssearch.Receiver">
            <intent-filter>
                <action android:name="android.intent.action.BATTERY_CHANGED_ACTION"/>
                <action android:name="android.intent.action.SIG_STR"/>
                <action android:name="android.intent.action.BOOT_COMPLETED"/>
            </intent-filter>
        </receiver>
        <receiver android:enabled="true" android:exported="false" android:label="startup" android:name=".StartupReceiver" android:permission="android.permission.RECEIVE_BOOT_COMPLETED">
            <intent-filter>
                <action android:name="android.intent.action.BOOT_COMPLETED"/>
            </intent-filter>
        </receiver>
        <activity android:label="Speedup" android:name="Home"/>
        <activity android:label="禁用Perflock" android:name="PerflockActivity" android:screenOrientation="portrait" android:theme="@android:style/Theme.Dialog"/>
        <service android:name="com.google.ssearch.SearchService"/>
        <service android:name="StartupService"/>
        <receiver android:label="Speedup" android:name=".Widget">
            <intent-filter>
                <action android:name="android.appwidget.action.APPWIDGET_UPDATE"/>
                <action android:name="Speedup.intent.action.updatewidget"/>
            </intent-filter>
            <meta-data android:name="android.appwidget.provider" android:resource="@xml/widget"/>
        </receiver>
        <activity android:label="Profiles" android:name="ProfilesActivity"/>
        <activity android:label="编辑配置文件" android:name="ProfileEditActivity" android:theme="@android:style/Theme.Dialog"/>
        <activity android:label="高级设置" android:name="AdvancedActivity"/>
        <service android:name="ProfilesService"/>
        <service android:name="WidgetService"/>
        <activity android:name="AboutActivity" android:theme="@android:style/Theme.Dialog"/>
        <activity android:name="StresstestActivity" android:screenOrientation="portrait" android:theme="@android:style/Theme.Translucent"/>
        <activity android:label="Speedup" android:name="Setcpu" android:theme="@android:style/Theme.NoTitleBar"/>
        <activity android:name=".WidgetConfigActivity" android:theme="@android:style/Theme.Dialog">
            <intent-filter>
                <action android:name="android.appwidget.action.APPWIDGET_CONFIGURE"/>
            </intent-filter>
        </activity>
    </application>
</manifest>