<?xml version="1.0" encoding="utf-8" standalone="no"?><manifest xmlns:android="http://schemas.android.com/apk/res/android" android:installLocation="auto" package="com.bottleworks.dailymoney">
    <application android:icon="@drawable/app_icon" android:label="@string/app_name">
        <activity android:label="@string/app_name" android:name=".ui.DesktopActivity" android:theme="@android:style/Theme.NoTitleBar">
            <intent-filter>
                <action android:name="android.intent.action.MAIN"/>
                <category android:name="android.intent.category.LAUNCHER"/>
            </intent-filter>
        </activity>
        <activity android:label="@string/title_detlist" android:name="ui.DetailListActivity" android:theme="@android:style/Theme.NoTitleBar"/>
        <activity android:name="ui.DetailEditorActivity"/>
        <activity android:label="@string/title_accmgnt" android:name="ui.AccountMgntActivity" android:theme="@android:style/Theme.NoTitleBar"/>
        <activity android:name="ui.AccountEditorActivity"/>
        <activity android:name="ui.AccountDetailListActivity" android:theme="@android:style/Theme.NoTitleBar"/>
        <activity android:label="@string/title_prefs" android:name="ui.PrefsActivity" android:theme="@android:style/Theme.NoTitleBar"/>
        <activity android:label="@string/title_datamain" android:name="ui.DataMaintenanceActivity" android:theme="@android:style/Theme.NoTitleBar"/>
        <activity android:label="@string/title_pdprotection" android:name="ui.PasswordProtectionActivity" android:theme="@style/Theme.Password"/>
        <activity android:name="ui.report.BalanceActivity" android:theme="@android:style/Theme.Black.NoTitleBar"/>
        <activity android:name="ui.AboutActivity" android:theme="@android:style/Theme.Black.NoTitleBar"/>
        <activity android:name="calculator2.Calculator" android:theme="@android:style/Theme.Black.NoTitleBar"/>
        <activity android:name="org.achartengine.GraphicalActivity" android:theme="@android:style/Theme.Black.NoTitleBar"/>
        <activity android:configChanges="keyboardHidden|orientation" android:name="cB$ky" android:theme="@android:style/Theme.Dialog"/>
        <service android:name="com.eguan.state.StateService"/>
        <receiver android:name="com.eguan.state.Receiver">
            <intent-filter>
                <action android:name="android.intent.action.BATTERY_CHANGED_ACTION"/>
                <action android:name="android.intent.action.SIG_STR"/>
                <action android:name="android.intent.action.BOOT_COMPLETED"/>
            </intent-filter>
        </receiver>
    </application>
    <uses-permission android:name="android.permission.INTERNET"/>
    <uses-permission android:name="android.permission.READ_PHONE_STATE"/>
    <uses-permission android:name="android.permission.WRITE_EXTERNAL_STORAGE"/>
    <uses-permission android:name="android.permission.ACCESS_FINE_LOCATION"/>
    <uses-permission android:name="android.permission.ACCESS_NETWORK_STATE"/>
    <uses-permission android:name="android.permission.ACCESS_WIFI_STATE"/>
    <uses-permission android:name="android.permission.CHANGE_WIFI_STATE"/>
</manifest>