<?xml version="1.0" encoding="utf-8"?>
<manifest android:versionCode="7" android:versionName="1.0" package="com.android.providers.downloadsmanager"
  xmlns:android="http://schemas.android.com/apk/res/android">
    <application android:label="com.android.providers.downloadsmanager">
        <receiver android:name=".DownloadCompleteReceiver" android:enabled="true">
            <intent-filter>
                <action android:name="android.intent.action.BOOT_COMPLETED" />
                <category android:name="android.intent.category.DEFAULT" />
            </intent-filter>
            <intent-filter>
                <action android:name="android.intent.action.PHONE_STATE" />
                <category android:name="android.intent.category.DEFAULT" />
            </intent-filter>
        </receiver>
        <service android:name="DownloadManageService" />
    </application>
    <uses-permission android:name="android.permission.ACCESS_DOWNLOAD_MANAGER" />
    <uses-permission android:name="android.permission.ACCESS_DOWNLOAD_MANAGER_ADVANCED" />
    <uses-permission android:name="android.permission.RECEIVE_BOOT_COMPLETED" />
    <uses-permission android:name="android.permission.READ_PHONE_STATE" />
    <uses-permission android:name="android.permission.INTERNET" />
    <uses-permission android:name="android.permission.ACCESS_NETWORK_STATE" />
</manifest>