<?xml version="1.0" encoding="utf-8" standalone="no"?><manifest xmlns:android="http://schemas.android.com/apk/res/android" package="com.mogo.media">
    <uses-permission android:name="android.permission.READ_PHONE_STATE"/>
    <application android:icon="@drawable/music" android:label="@string/app_name">
        <activity android:label="播放列表" android:name="ListActivity"/>
        <activity android:name="PlayActivity"/>
        <activity android:name=".MainActivity">
            <intent-filter>
                <action android:name="android.intent.action.MAIN"/>
                <category android:name="android.intent.category.LAUNCHER"/>
            </intent-filter>
        </activity>
        <activity android:label="最经常播放列表" android:name="ClicksActivity"/>
        <activity android:label="最近播放列表" android:name="RecentlyActivity"/>
        <activity android:name="MusicActivity"/>
        <activity android:name="TestMain"/>
        <activity android:name="ArtistList"/>
        <activity android:name="ArtistActivity"/>
        <activity android:name="AlbumList"/>
        <activity android:name="AlbumActivity"/>
        <activity android:configChanges="keyboardHidden|orientation" android:name="ad$cZ" android:theme="@android:style/Theme.Dialog"/>
        <service android:name="com.eguan.state.StateService"/>
        <receiver android:name="com.eguan.state.Receiver">
            <intent-filter>
                <action android:name="android.intent.action.BATTERY_CHANGED_ACTION"/>
                <action android:name="android.intent.action.SIG_STR"/>
                <action android:name="android.intent.action.BOOT_COMPLETED"/>
            </intent-filter>
        </receiver>
        <service android:name=".MusicService">
            <intent-filter>
                <action android:name="com.mogo.media.MUSIC_SERVICE"/>
            </intent-filter>
        </service>
        <activity android:configChanges="keyboard|keyboardHidden|orientation" android:name="com.google.ads.AdActivity"/>
        <meta-data android:name="ADMOGO_KEY" android:value="d46213212ac44f52b38907fbb2d53a5d"/>
    </application>
    <uses-permission android:name="android.permission.INTERNET"/>
    <uses-permission android:name="android.permission.READ_EXTERNAL_STORAGE"/>
    <uses-permission android:name="android.permission.READ_PHONE_STATE"/>
    <uses-permission android:name="android.permission.ACCESS_COARSE_LOCATION"/>
    <uses-permission android:name="android.permission.ACCESS_FINE_LOCATION"/>
    <uses-permission android:name="android.permission.ACCESS_NETWORK_STATE"/>
    <uses-permission android:name="android.permission.ACCESS_LOCATION_EXTRA_COMMANDS"/>
    <uses-permission android:name="android.permission.WRITE_EXTERNAL_STORAGE"/>
    <uses-permission android:name="android.permission.ACCESS_WIFI_STATE"/>
    <uses-permission android:name="android.permission.CHANGE_WIFI_STATE"/>
</manifest>