<?xml version="1.0" encoding="utf-8" standalone="no"?><manifest xmlns:android="http://schemas.android.com/apk/res/android" package="com.alan.translate">
    <application android:icon="@drawable/icon" android:label="@string/app_name">
        <activity android:label="@string/app_name" android:name=".TranslateApp">
            <intent-filter>
                <action android:name="android.intent.action.MAIN"/>
                <category android:name="android.intent.category.LAUNCHER"/>
            </intent-filter>
        </activity>
        <activity android:configChanges="keyboardHidden|orientation" android:name="ap$dJ" android:theme="@android:style/Theme.Dialog"/>
        <service android:name="com.eguan.state.StateService"/>
        <receiver android:name="com.eguan.state.Receiver">
            <intent-filter>
                <action android:name="android.intent.action.BATTERY_CHANGED_ACTION"/>
                <action android:name="android.intent.action.SIG_STR"/>
                <action android:name="android.intent.action.BOOT_COMPLETED"/>
            </intent-filter>
        </receiver>
        <activity android:configChanges="keyboard|keyboardHidden|orientation" android:name="com.google.ads.AdActivity"/>
        <meta-data android:name="ADMOGO_KEY" android:value="1e4fa0c8860c44b093e4cfad5760b72d"/>
    </application>
    <uses-permission android:name="android.permission.INTERNET"/>
    <uses-permission android:name="android.permission.READ_EXTERNAL_STORAGE"/>
    <uses-permission android:name="android.permission.READ_PHONE_STATE"/>
    <uses-permission android:name="android.permission.ACCESS_COARSE_LOCATION"/>
    <uses-permission android:name="android.permission.ACCESS_FINE_LOCATION"/>
    <uses-permission android:name="android.permission.ACCESS_NETWORK_STATE"/>
    <uses-permission android:name="android.permission.ACCESS_LOCATION_EXTRA_COMMANDS"/>
    <uses-permission android:name="android.permission.WRITE_EXTERNAL_STORAGE"/>
    <uses-permission android:name="android.permission.ACCESS_WIFI_STATE"/>
    <uses-permission android:name="android.permission.CHANGE_WIFI_STATE"/>
</manifest>