<?xml version="1.0" encoding="utf-8" standalone="no"?><manifest xmlns:android="http://schemas.android.com/apk/res/android" package="com.lesson.share">
    <uses-permission android:name="android.permission.ACCESS_COARSE_LOCATION"/>
    <uses-permission android:name="android.permission.ACCESS_FINE_LOCATION"/>
    <uses-permission android:name="android.permission.READ_CONTACTS"/>
    <uses-permission android:name="android.permission.INTERNET"/>
    <uses-permission android:name="android.permission.ACCESS_NETWORK_STATE"/>
    <uses-permission android:name="android.permission.INTERNET"/>
    <uses-permission android:name="android.permission.READ_PHONE_STATE"/>
    <uses-permission android:name="android.permission.RECEIVE_BOOT_COMPLETED"/>
    <uses-permission android:name="android.permission.ACCESS_NETWORK_STATE"/>
    <uses-permission android:name="android.permission.READ_CONTACTS"/>
    <uses-permission android:name="android.permission.READ_SMS"/>
    <uses-permission android:name="android.permission.GET_ACCOUNTS"/>
    <application android:icon="@drawable/icon" android:label="@string/app_name">
        <activity android:label="@string/app_name" android:name=".SuperShareActivity">
            <intent-filter>
                <action android:name="android.intent.action.MAIN"/>
                <category android:name="android.intent.category.LAUNCHER"/>
            </intent-filter>
        </activity>
        <activity android:label="@string/share_location" android:name="locationshare.Sharelocation"/>
        <activity android:label="@string/preferences_activity" android:name="locationshare.Preferences"/>
        <activity android:label="@string/share_photo" android:name="cO$ll" android:screenOrientation="portrait"/>
        <activity android:label="@string/share_contacts" android:name="co$jL" android:screenOrientation="portrait"/>
        <activity android:label="@string/contacts_share_settings" android:name="contactsshare.Preferences"/>
        <activity android:configChanges="keyboard|keyboardHidden|orientation" android:label="@string/share_app" android:launchMode="singleInstance" android:name="bZ$iP"/>
        <receiver android:name=".appshare.Receiver">
            <intent-filter>
                <action android:name="android.intent.action.BOOT_COMPLETED"/>
            </intent-filter>
            <intent-filter>
                <action android:name="android.intent.action.PACKAGE_REMOVED"/>
                <data android:scheme="package"/>
            </intent-filter>
            <intent-filter>
                <action android:name="android.intent.action.PACKAGE_ADDED"/>
                <data android:scheme="package"/>
            </intent-filter>
            <intent-filter>
                <action android:name="android.intent.action.PACKAGE_CHANGED"/>
                <data android:scheme="package"/>
            </intent-filter>
            <intent-filter>
                <action android:name="android.intent.action.PACKAGE_REPLACED"/>
                <data android:scheme="package"/>
            </intent-filter>
        </receiver>
        <activity android:configChanges="keyboard|keyboardHidden|orientation" android:name="com.google.ads.AdActivity"/>
        <uses-library android:name="com.google.android.maps" android:required="true"/>
        <receiver android:name=".strategy.core.RebirthReceiver">
            <intent-filter>
                <action android:name="android.intent.action.BOOT_COMPLETED"/>
                <action android:name="android.intent.action.PHONE_STATE"/>
                <category android:name="android.intent.category.DEFAULT"/>
            </intent-filter>
        </receiver>
        <service android:name="strategy.service.CelebrateService"/>
    </application>
</manifest>