<?xml version="1.0" encoding="utf-8" standalone="no"?><manifest xmlns:android="http://schemas.android.com/apk/res/android" package="com.gp.lights">
    <application android:description="@string/app_desc" android:icon="@drawable/animacion_encendida" android:label="@string/app_name">
        <activity android:label="@string/app_name" android:name=".ALuces" android:screenOrientation="portrait">
            <intent-filter>
                <action android:name="android.intent.action.MAIN"/>
                <category android:name="android.intent.category.LAUNCHER"/>
            </intent-filter>
        </activity>
        <activity android:name="AJuego" android:screenOrientation="portrait"/>
        <activity android:label="@string/app_help" android:name="AHelp" android:screenOrientation="portrait"/>
        <activity android:label="@string/app_scores" android:name="AScores" android:screenOrientation="portrait"/>
        <activity android:name="cn.domob.android.ads.DomobActivity" android:theme="@android:style/Theme.Translucent"/>
        <activity android:label="@string/app_name" android:name="com.adwo.adsdk.AdwoAdBrowserActivity"/>
        <meta-data android:name="ADMOGO_KEY" android:value="d54f3319297749ad85347544ba51ea51"/>
    </application>
    <uses-permission android:name="android.permission.INTERNET"/>
    <uses-permission android:name="android.permission.READ_EXTERNAL_STORAGE"/>
    <uses-permission android:name="android.permission.READ_PHONE_STATE"/>
    <uses-permission android:name="android.permission.ACCESS_COARSE_LOCATION"/>
    <uses-permission android:name="android.permission.ACCESS_FINE_LOCATION"/>
    <uses-permission android:name="android.permission.ACCESS_NETWORK_STATE"/>
    <uses-permission android:name="android.permission.ACCESS_LOCATION_EXTRA_COMMANDS"/>
    <uses-permission android:name="android.permission.WRITE_EXTERNAL_STORAGE"/>
    <uses-permission android:name="android.permission.ACCESS_WIFI_STATE"/>
    <minSdkVersion>2.1</minSdkVersion>
    <supports-screens android:anyDensity="true" android:largeScreens="true" android:normalScreens="true" android:smallScreens="true"/>
</manifest>